
Building in build/release-darwin-arm64-nosteam:
  PLATFORM: darwin
  ARCH: arm64
  FILE_ARCH: arm64
  VERSION: 5.4
  COMPILE_PLATFORM: darwin
  COMPILE_ARCH: arm64
  HAVE_VM_COMPILED: false
  PKG_CONFIG: pkg-config
  CC: cc
  CXX: c++

  CFLAGS:
    -I/opt/homebrew/Cellar/ffmpeg/8.1.1/include
    -I/Users/ragnar/VulkanSDK/1.4.350.0/macOS/lib/pkgconfig/../../include
    -DUSE_VULKAN_API -mmacosx-version-min=11.0
    -DMAC_OS_X_VERSION_MIN_REQUIRED=1100 -arch arm64 -fno-strict-aliasing
    -fno-common -pipe -D_THREAD_SAFE=1 -Icode/SDL3/include -DNO_VM_COMPILED
    -DNO_GZIP -Icode/zlib-1.2.11 -DUSE_INTERNAL_JPEG -Icode/jpeg-8c
    -DBUILD_FREETYPE -Icode/freetype-2.9/include -DFT2_BUILD_LIBRARY
    -DUSE_LOCAL_HEADERS -DPRODUCT_VERSION="5.4" -Wformat=2 -Wformat-security
    -Wno-format-nonliteral -Wstrict-aliasing=2 -Wmissing-format-attribute
    -Wdisabled-optimization -MMD -DNDEBUG -O3 -ffast-math

  CLIENT_CFLAGS:
    -DUSE_OPENAL -DUSE_OPENAL_DLOPEN -DUSE_VOIP -DUSE_CODEC_OPUS -DOPUS_BUILD
    -DHAVE_LRINTF -DFLOATING_POINT -DFLOAT_APPROX -DUSE_ALLOCA
    -Icode/opus-1.2.1/include -Icode/opus-1.2.1/celt -Icode/opus-1.2.1/silk
    -Icode/opus-1.2.1/silk/float -Icode/opusfile-0.9/include -DUSE_CODEC_VORBIS
    -Icode/libvorbis-1.3.6/include -Icode/libvorbis-1.3.6/lib
    -Icode/libogg-1.3.3/include -DUSE_RENDERER_DLOPEN -DUSE_MUMBLE -DUSE_BLOOM

  SERVER_CFLAGS:
    -DUSE_VOIP

  TOOLS_CFLAGS:
    -g -Wall -fno-strict-aliasing -DTEMPDIR="/tmp" -DSYSTEM=""
    -Icode/tools/lcc/src -Icode/tools/lcc/lburg -MMD

  LDFLAGS:
    -mmacosx-version-min=11.0

  CLIENT_LDFLAGS:
    

  SERVER_LDFLAGS:
    

  TOOLS_LDFLAGS:
    

  LIBS:
    -framework Cocoa -L/opt/homebrew/Cellar/ffmpeg/8.1.1/lib -lavformat
    -lavcodec -lswscale -lswresample -lavutil

  CLIENT_LIBS:
    -framework IOKit code/libs/macosx/libSDL2-2.0.0.dylib

  RENDERER_LIBS:
    -framework OpenGL code/libs/macosx/libSDL2-2.0.0.dylib

  TOOLS_LIBS:
    

  SERVER_LIBS:
    

  Output:
    RealRTCW.arm64
    renderer_sp_opengl1_arm64.dylib
    renderer_sp_vulkan_arm64.dylib
    libSDL2-2.0.0.dylib

CC code/client/cl_cgame.c
CC code/client/cl_cin.c
CC code/client/cl_keys.c
CC code/client/cl_console.c
CC code/client/cl_parse.c
CC code/client/cl_input.c
CC code/client/cl_net_chan.c
CC code/client/cl_main.c
CC code/client/cl_scrn.c
CC code/client/cl_ui.c
CC code/client/cl_avi.c
CC code/qcommon/cm_load.c
CC code/qcommon/cm_patch.c
CC code/qcommon/cm_polylib.c
CC code/qcommon/cm_test.c
CC code/qcommon/cm_trace.c
CC code/qcommon/cmd.c
CC code/qcommon/common.c
CC code/qcommon/cvar.c
CC code/qcommon/files.c
CC code/qcommon/md4.c
CC code/qcommon/md5.c
CC code/qcommon/msg.c
CC code/qcommon/net_chan.c
CC code/qcommon/net_ip.c
CC code/qcommon/huffman.c
CC code/client/snd_adpcm.c
CC code/client/snd_altivec.c
CC code/client/snd_dma.c
CC code/client/snd_mem.c
CC code/client/snd_mix.c
CC code/client/snd_wavelet.c
CC code/client/snd_main.c
CC code/client/snd_codec_wav.c
CC code/client/snd_codec.c
CC code/client/snd_codec_ogg.c
CC code/client/snd_codec_opus.c
CC code/client/cl_curl.c
CC code/client/qal.c
CC code/client/snd_openal.c
CC code/server/sv_bot.c
CC code/server/sv_ccmds.c
CC code/server/sv_client.c
CC code/server/sv_game.c
CC code/server/sv_init.c
CC code/server/sv_main.c
CC code/server/sv_net_chan.c
CC code/server/sv_snapshot.c
CC code/server/sv_world.c
CC code/qcommon/q_math.c
CC code/qcommon/q_shared.c
CC code/zlib-1.2.11/unzip.c
CC code/qcommon/puff.c
CC code/zlib-1.2.11/ioapi.c
CC code/qcommon/vm.c
CC code/qcommon/vm_interpreted.c
code/zlib-1.2.11/ioapi.c:224:6: warning: a function definition without a prototype is deprecated in all versions of C and is not supported in C23 [-Wdeprecated-non-prototype]
  224 | void fill_fopen_filefunc (pzlib_filefunc_def)
      |      ^
1 warning generated.
BOT_CC code/botlib/be_aas_bspq3.c
BOT_CC code/botlib/be_aas_cluster.c
BOT_CC code/botlib/be_aas_debug.c
BOT_CC code/botlib/be_aas_entity.c
BOT_CC code/botlib/be_aas_file.c
BOT_CC code/botlib/be_aas_main.c
BOT_CC code/botlib/be_aas_move.c
BOT_CC code/botlib/be_aas_optimize.c
BOT_CC code/botlib/be_aas_reach.c
BOT_CC code/botlib/be_aas_route.c
BOT_CC code/botlib/be_aas_routealt.c
BOT_CC code/botlib/be_aas_routetable.c
BOT_CC code/botlib/be_aas_sample.c
BOT_CC code/botlib/be_ai_char.c
code/botlib/be_aas_route.c:575:13: warning: implicit conversion from 'int' to 'float' changes value from 999999999 to 1.0E+9 [-Wimplicit-const-int-float-conversion]
  575 |         besttime = 999999999;
      |                  ~ ^~~~~~~~~
code/botlib/be_aas_route.c:611:13: warning: implicit conversion from 'int' to 'float' changes value from 999999999 to 1.0E+9 [-Wimplicit-const-int-float-conversion]
  611 |         besttime = 999999999;
      |                  ~ ^~~~~~~~~
BOT_CC code/botlib/be_ai_chat.c
BOT_CC code/botlib/be_ai_gen.c
BOT_CC code/botlib/be_ai_goal.c
BOT_CC code/botlib/be_ai_move.c
BOT_CC code/botlib/be_ai_weap.c
BOT_CC code/botlib/be_ai_weight.c
BOT_CC code/botlib/be_ea.c
BOT_CC code/botlib/be_interface.c
BOT_CC code/botlib/l_crc.c
BOT_CC code/botlib/l_libvar.c
BOT_CC code/botlib/l_log.c
BOT_CC code/botlib/l_memory.c
2 warnings generated.
BOT_CC code/botlib/l_precomp.c
BOT_CC code/botlib/l_struct.c
BOT_CC code/botlib/l_script.c
SPLINE_CXX code/splines/math_angles.cpp
SPLINE_CXX code/splines/math_quaternion.cpp
SPLINE_CXX code/splines/math_matrix.cpp
SPLINE_CXX code/splines/math_vector.cpp
SPLINE_CXX code/splines/q_parse.cpp
SPLINE_CXX code/splines/splines.cpp
code/splines/math_vector.cpp:149:2: warning: 'sprintf' is deprecated: This function is provided for compatibility reasons only.  Due to security concerns inherent in the design of sprintf(3), it is highly recommended that you use snprintf(3) instead. [-Wdeprecated-declarations]
  149 |         sprintf( s, "%.2f %.2f %.2f", x, y, z );
      |         ^
/Library/Developer/CommandLineTools/SDKs/MacOSX.sdk/usr/include/_stdio.h:278:1: note: 'sprintf' has been explicitly marked deprecated here
  278 | __deprecated_msg("This function is provided for compatibility reasons only.  Due to security concerns inherent in the design of sprintf(3), it is highly recommended that you use snprintf(3) instead.")
      | ^
/Library/Developer/CommandLineTools/SDKs/MacOSX.sdk/usr/include/sys/cdefs.h:227:48: note: expanded from macro '__deprecated_msg'
  227 |         #define __deprecated_msg(_msg) __attribute__((__deprecated__(_msg)))
      |                                                       ^
SPLINE_CXX code/splines/util_str.cpp
1 warning generated.
CC code/sdl/sdl_snd.c
CC code/sdl/sdl_input.c
In file included from code/splines/util_str.cpp:31:
code/splines/util_str.h:252:2: warning: 'sprintf' is deprecated: This function is provided for compatibility reasons only.  Due to security concerns inherent in the design of sprintf(3), it is highly recommended that you use snprintf(3) instead. [-Wdeprecated-declarations]
  252 |         sprintf( text, "%.3f", num );
      |         ^
/Library/Developer/CommandLineTools/SDKs/MacOSX.sdk/usr/include/_stdio.h:278:1: note: 'sprintf' has been explicitly marked deprecated here
  278 | __deprecated_msg("This function is provided for compatibility reasons only.  Due to security concerns inherent in the design of sprintf(3), it is highly recommended that you use snprintf(3) instead.")
      | ^
/Library/Developer/CommandLineTools/SDKs/MacOSX.sdk/usr/include/sys/cdefs.h:227:48: note: expanded from macro '__deprecated_msg'
  227 |         #define __deprecated_msg(_msg) __attribute__((__deprecated__(_msg)))
      |                                                       ^
In file included from code/splines/util_str.cpp:31:
code/splines/util_str.h:266:2: warning: 'sprintf' is deprecated: This function is provided for compatibility reasons only.  Due to security concerns inherent in the design of sprintf(3), it is highly recommended that you use snprintf(3) instead. [-Wdeprecated-declarations]
  266 |         sprintf( text, "%d", num );
      |         ^
/Library/Developer/CommandLineTools/SDKs/MacOSX.sdk/usr/include/_stdio.h:278:1: note: 'sprintf' has been explicitly marked deprecated here
  278 | __deprecated_msg("This function is provided for compatibility reasons only.  Due to security concerns inherent in the design of sprintf(3), it is highly recommended that you use snprintf(3) instead.")
      | ^
/Library/Developer/CommandLineTools/SDKs/MacOSX.sdk/usr/include/sys/cdefs.h:227:48: note: expanded from macro '__deprecated_msg'
  227 |         #define __deprecated_msg(_msg) __attribute__((__deprecated__(_msg)))
      |                                                       ^
In file included from code/splines/util_str.cpp:31:
code/splines/util_str.h:280:2: warning: 'sprintf' is deprecated: This function is provided for compatibility reasons only.  Due to security concerns inherent in the design of sprintf(3), it is highly recommended that you use snprintf(3) instead. [-Wdeprecated-declarations]
  280 |         sprintf( text, "%u", num );
      |         ^
/Library/Developer/CommandLineTools/SDKs/MacOSX.sdk/usr/include/_stdio.h:278:1: note: 'sprintf' has been explicitly marked deprecated here
  278 | __deprecated_msg("This function is provided for compatibility reasons only.  Due to security concerns inherent in the design of sprintf(3), it is highly recommended that you use snprintf(3) instead.")
      | ^
/Library/Developer/CommandLineTools/SDKs/MacOSX.sdk/usr/include/sys/cdefs.h:227:48: note: expanded from macro '__deprecated_msg'
  227 |         #define __deprecated_msg(_msg) __attribute__((__deprecated__(_msg)))
      |                                                       ^
CC code/sys/con_log.c
In file included from code/splines/splines.cpp:30:
In file included from code/splines/splines.h:42:
code/splines/util_str.h:252:2: warning: 'sprintf' is deprecated: This function is provided for compatibility reasons only.  Due to security concerns inherent in the design of sprintf(3), it is highly recommended that you use snprintf(3) instead. [-Wdeprecated-declarations]
  252 |         sprintf( text, "%.3f", num );
      |         ^
/Library/Developer/CommandLineTools/SDKs/MacOSX.sdk/usr/include/_stdio.h:278:1: note: 'sprintf' has been explicitly marked deprecated here
  278 | __deprecated_msg("This function is provided for compatibility reasons only.  Due to security concerns inherent in the design of sprintf(3), it is highly recommended that you use snprintf(3) instead.")
      | ^
/Library/Developer/CommandLineTools/SDKs/MacOSX.sdk/usr/include/sys/cdefs.h:227:48: note: expanded from macro '__deprecated_msg'
  227 |         #define __deprecated_msg(_msg) __attribute__((__deprecated__(_msg)))
      |                                                       ^
In file included from code/splines/splines.cpp:30:
In file included from code/splines/splines.h:42:
code/splines/util_str.h:266:2: warning: 'sprintf' is deprecated: This function is provided for compatibility reasons only.  Due to security concerns inherent in the design of sprintf(3), it is highly recommended that you use snprintf(3) instead. [-Wdeprecated-declarations]
  266 |         sprintf( text, "%d", num );
      |         ^
/Library/Developer/CommandLineTools/SDKs/MacOSX.sdk/usr/include/_stdio.h:278:1: note: 'sprintf' has been explicitly marked deprecated here
  278 | __deprecated_msg("This function is provided for compatibility reasons only.  Due to security concerns inherent in the design of sprintf(3), it is highly recommended that you use snprintf(3) instead.")
      | ^
/Library/Developer/CommandLineTools/SDKs/MacOSX.sdk/usr/include/sys/cdefs.h:227:48: note: expanded from macro '__deprecated_msg'
  227 |         #define __deprecated_msg(_msg) __attribute__((__deprecated__(_msg)))
      |                                                       ^
In file included from code/splines/splines.cpp:30:
In file included from code/splines/splines.h:42:
code/splines/util_str.h:280:2: warning: 'sprintf' is deprecated: This function is provided for compatibility reasons only.  Due to security concerns inherent in the design of sprintf(3), it is highly recommended that you use snprintf(3) instead. [-Wdeprecated-declarations]
  280 |         sprintf( text, "%u", num );
      |         ^
/Library/Developer/CommandLineTools/SDKs/MacOSX.sdk/usr/include/_stdio.h:278:1: note: 'sprintf' has been explicitly marked deprecated here
  278 | __deprecated_msg("This function is provided for compatibility reasons only.  Due to security concerns inherent in the design of sprintf(3), it is highly recommended that you use snprintf(3) instead.")
      | ^
/Library/Developer/CommandLineTools/SDKs/MacOSX.sdk/usr/include/sys/cdefs.h:227:48: note: expanded from macro '__deprecated_msg'
  227 |         #define __deprecated_msg(_msg) __attribute__((__deprecated__(_msg)))
      |                                                       ^
code/splines/util_str.cpp:261:2: warning: 'sprintf' is deprecated: This function is provided for compatibility reasons only.  Due to security concerns inherent in the design of sprintf(3), it is highly recommended that you use snprintf(3) instead. [-Wdeprecated-declarations]
  261 |         sprintf( text, "%f", b );
      |         ^
/Library/Developer/CommandLineTools/SDKs/MacOSX.sdk/usr/include/_stdio.h:278:1: note: 'sprintf' has been explicitly marked deprecated here
  278 | __deprecated_msg("This function is provided for compatibility reasons only.  Due to security concerns inherent in the design of sprintf(3), it is highly recommended that you use snprintf(3) instead.")
      | ^
/Library/Developer/CommandLineTools/SDKs/MacOSX.sdk/usr/include/sys/cdefs.h:227:48: note: expanded from macro '__deprecated_msg'
  227 |         #define __deprecated_msg(_msg) __attribute__((__deprecated__(_msg)))
      |                                                       ^
code/splines/util_str.cpp:276:2: warning: 'sprintf' is deprecated: This function is provided for compatibility reasons only.  Due to security concerns inherent in the design of sprintf(3), it is highly recommended that you use snprintf(3) instead. [-Wdeprecated-declarations]
  276 |         sprintf( text, "%d", b );
      |         ^
/Library/Developer/CommandLineTools/SDKs/MacOSX.sdk/usr/include/_stdio.h:278:1: note: 'sprintf' has been explicitly marked deprecated here
  278 | __deprecated_msg("This function is provided for compatibility reasons only.  Due to security concerns inherent in the design of sprintf(3), it is highly recommended that you use snprintf(3) instead.")
      | ^
/Library/Developer/CommandLineTools/SDKs/MacOSX.sdk/usr/include/sys/cdefs.h:227:48: note: expanded from macro '__deprecated_msg'
  227 |         #define __deprecated_msg(_msg) __attribute__((__deprecated__(_msg)))
      |                                                       ^
code/splines/util_str.cpp:291:2: warning: 'sprintf' is deprecated: This function is provided for compatibility reasons only.  Due to security concerns inherent in the design of sprintf(3), it is highly recommended that you use snprintf(3) instead. [-Wdeprecated-declarations]
  291 |         sprintf( text, "%u", b );
      |         ^
/Library/Developer/CommandLineTools/SDKs/MacOSX.sdk/usr/include/_stdio.h:278:1: note: 'sprintf' has been explicitly marked deprecated here
  278 | __deprecated_msg("This function is provided for compatibility reasons only.  Due to security concerns inherent in the design of sprintf(3), it is highly recommended that you use snprintf(3) instead.")
      | ^
/Library/Developer/CommandLineTools/SDKs/MacOSX.sdk/usr/include/sys/cdefs.h:227:48: note: expanded from macro '__deprecated_msg'
  227 |         #define __deprecated_msg(_msg) __attribute__((__deprecated__(_msg)))
      |                                                       ^
code/splines/util_str.cpp:303:2: warning: 'sprintf' is deprecated: This function is provided for compatibility reasons only.  Due to security concerns inherent in the design of sprintf(3), it is highly recommended that you use snprintf(3) instead. [-Wdeprecated-declarations]
  303 |         sprintf( text, "%f", a );
      |         ^
/Library/Developer/CommandLineTools/SDKs/MacOSX.sdk/usr/include/_stdio.h:278:1: note: 'sprintf' has been explicitly marked deprecated here
  278 | __deprecated_msg("This function is provided for compatibility reasons only.  Due to security concerns inherent in the design of sprintf(3), it is highly recommended that you use snprintf(3) instead.")
      | ^
/Library/Developer/CommandLineTools/SDKs/MacOSX.sdk/usr/include/sys/cdefs.h:227:48: note: expanded from macro '__deprecated_msg'
  227 |         #define __deprecated_msg(_msg) __attribute__((__deprecated__(_msg)))
      |                                                       ^
code/splines/util_str.cpp:315:2: warning: 'sprintf' is deprecated: This function is provided for compatibility reasons only.  Due to security concerns inherent in the design of sprintf(3), it is highly recommended that you use snprintf(3) instead. [-Wdeprecated-declarations]
  315 |         sprintf( text, "%d", a );
      |         ^
/Library/Developer/CommandLineTools/SDKs/MacOSX.sdk/usr/include/_stdio.h:278:1: note: 'sprintf' has been explicitly marked deprecated here
  278 | __deprecated_msg("This function is provided for compatibility reasons only.  Due to security concerns inherent in the design of sprintf(3), it is highly recommended that you use snprintf(3) instead.")
      | ^
/Library/Developer/CommandLineTools/SDKs/MacOSX.sdk/usr/include/sys/cdefs.h:227:48: note: expanded from macro '__deprecated_msg'
  227 |         #define __deprecated_msg(_msg) __attribute__((__deprecated__(_msg)))
      |                                                       ^
code/splines/util_str.cpp:327:2: warning: 'sprintf' is deprecated: This function is provided for compatibility reasons only.  Due to security concerns inherent in the design of sprintf(3), it is highly recommended that you use snprintf(3) instead. [-Wdeprecated-declarations]
  327 |         sprintf( text, "%u", a );
      |         ^
/Library/Developer/CommandLineTools/SDKs/MacOSX.sdk/usr/include/_stdio.h:278:1: note: 'sprintf' has been explicitly marked deprecated here
  278 | __deprecated_msg("This function is provided for compatibility reasons only.  Due to security concerns inherent in the design of sprintf(3), it is highly recommended that you use snprintf(3) instead.")
      | ^
/Library/Developer/CommandLineTools/SDKs/MacOSX.sdk/usr/include/sys/cdefs.h:227:48: note: expanded from macro '__deprecated_msg'
  227 |         #define __deprecated_msg(_msg) __attribute__((__deprecated__(_msg)))
      |                                                       ^
CC code/sys/sys_main.c
CC code/sys/con_tty.c
CC code/opus-1.2.1/src/opus.c
CC code/opus-1.2.1/src/opus_decoder.c
9 warnings generated.
CC code/opus-1.2.1/src/opus_encoder.c
CC code/opus-1.2.1/src/opus_multistream.c
CC code/opus-1.2.1/src/opus_multistream_encoder.c
CC code/opus-1.2.1/src/opus_multistream_decoder.c
CC code/opus-1.2.1/src/repacketizer.c
CC code/opus-1.2.1/src/analysis.c
CC code/opus-1.2.1/src/mlp.c
CC code/opus-1.2.1/src/mlp_data.c
CC code/opus-1.2.1/celt/bands.c
CC code/opus-1.2.1/celt/celt.c
CC code/opus-1.2.1/celt/celt_encoder.c
CC code/opus-1.2.1/celt/celt_decoder.c
CC code/opus-1.2.1/celt/cwrs.c
CC code/opus-1.2.1/celt/entcode.c
CC code/opus-1.2.1/celt/entdec.c
CC code/opus-1.2.1/celt/entenc.c
CC code/opus-1.2.1/celt/kiss_fft.c
3 warnings generated.
CC code/opus-1.2.1/celt/laplace.c
CC code/opus-1.2.1/celt/mathops.c
CC code/opus-1.2.1/celt/mdct.c
CC code/opus-1.2.1/celt/modes.c
CC code/opus-1.2.1/celt/pitch.c
CC code/opus-1.2.1/celt/celt_lpc.c
CC code/opus-1.2.1/celt/quant_bands.c
CC code/opus-1.2.1/celt/rate.c
CC code/opus-1.2.1/celt/vq.c
CC code/opus-1.2.1/silk/CNG.c
CC code/opus-1.2.1/silk/code_signs.c
CC code/opus-1.2.1/silk/init_decoder.c
CC code/opus-1.2.1/silk/decode_core.c
CC code/opus-1.2.1/silk/decode_frame.c
CC code/opus-1.2.1/silk/decode_parameters.c
CC code/opus-1.2.1/silk/decode_indices.c
CC code/opus-1.2.1/silk/decode_pulses.c
CC code/opus-1.2.1/silk/decoder_set_fs.c
CC code/opus-1.2.1/silk/dec_API.c
CC code/opus-1.2.1/silk/enc_API.c
CC code/opus-1.2.1/silk/encode_indices.c
CC code/opus-1.2.1/silk/encode_pulses.c
CC code/opus-1.2.1/silk/gain_quant.c
CC code/opus-1.2.1/silk/interpolate.c
CC code/opus-1.2.1/silk/LP_variable_cutoff.c
CC code/opus-1.2.1/silk/NLSF_decode.c
CC code/opus-1.2.1/silk/NSQ.c
CC code/opus-1.2.1/silk/NSQ_del_dec.c
CC code/opus-1.2.1/silk/PLC.c
CC code/opus-1.2.1/silk/shell_coder.c
CC code/opus-1.2.1/silk/tables_gain.c
CC code/opus-1.2.1/silk/tables_LTP.c
CC code/opus-1.2.1/silk/tables_NLSF_CB_NB_MB.c
CC code/opus-1.2.1/silk/tables_NLSF_CB_WB.c
CC code/opus-1.2.1/silk/tables_other.c
CC code/opus-1.2.1/silk/tables_pulses_per_block.c
CC code/opus-1.2.1/silk/tables_pitch_lag.c
CC code/opus-1.2.1/silk/VAD.c
CC code/opus-1.2.1/silk/control_audio_bandwidth.c
CC code/opus-1.2.1/silk/quant_LTP_gains.c
CC code/opus-1.2.1/silk/VQ_WMat_EC.c
CC code/opus-1.2.1/silk/HP_variable_cutoff.c
CC code/opus-1.2.1/silk/NLSF_encode.c
CC code/opus-1.2.1/silk/NLSF_VQ.c
CC code/opus-1.2.1/silk/NLSF_del_dec_quant.c
CC code/opus-1.2.1/silk/NLSF_unpack.c
CC code/opus-1.2.1/silk/stereo_LR_to_MS.c
CC code/opus-1.2.1/silk/process_NLSFs.c
CC code/opus-1.2.1/silk/stereo_MS_to_LR.c
CC code/opus-1.2.1/silk/check_control_input.c
CC code/opus-1.2.1/silk/control_SNR.c
CC code/opus-1.2.1/silk/init_encoder.c
CC code/opus-1.2.1/silk/control_codec.c
CC code/opus-1.2.1/silk/A2NLSF.c
CC code/opus-1.2.1/silk/ana_filt_bank_1.c
CC code/opus-1.2.1/silk/biquad_alt.c
CC code/opus-1.2.1/silk/bwexpander_32.c
CC code/opus-1.2.1/silk/bwexpander.c
CC code/opus-1.2.1/silk/debug.c
CC code/opus-1.2.1/silk/decode_pitch.c
CC code/opus-1.2.1/silk/inner_prod_aligned.c
CC code/opus-1.2.1/silk/lin2log.c
CC code/opus-1.2.1/silk/log2lin.c
CC code/opus-1.2.1/silk/LPC_analysis_filter.c
CC code/opus-1.2.1/silk/LPC_inv_pred_gain.c
CC code/opus-1.2.1/silk/table_LSF_cos.c
CC code/opus-1.2.1/silk/NLSF2A.c
CC code/opus-1.2.1/silk/NLSF_VQ_weights_laroia.c
CC code/opus-1.2.1/silk/NLSF_stabilize.c
CC code/opus-1.2.1/silk/pitch_est_tables.c
CC code/opus-1.2.1/silk/resampler.c
CC code/opus-1.2.1/silk/resampler_down2_3.c
CC code/opus-1.2.1/silk/resampler_down2.c
CC code/opus-1.2.1/silk/resampler_private_AR2.c
CC code/opus-1.2.1/silk/resampler_private_down_FIR.c
CC code/opus-1.2.1/silk/resampler_private_IIR_FIR.c
CC code/opus-1.2.1/silk/sigm_Q15.c
CC code/opus-1.2.1/silk/resampler_rom.c
CC code/opus-1.2.1/silk/resampler_private_up2_HQ.c
CC code/opus-1.2.1/silk/sort.c
CC code/opus-1.2.1/silk/sum_sqr_shift.c
CC code/opus-1.2.1/silk/stereo_decode_pred.c
CC code/opus-1.2.1/silk/stereo_encode_pred.c
CC code/opus-1.2.1/silk/stereo_find_predictor.c
CC code/opus-1.2.1/silk/stereo_quant_pred.c
CC code/opus-1.2.1/silk/LPC_fit.c
CC code/opus-1.2.1/silk/float/apply_sine_window_FLP.c
CC code/opus-1.2.1/silk/float/corrMatrix_FLP.c
CC code/opus-1.2.1/silk/float/encode_frame_FLP.c
CC code/opus-1.2.1/silk/float/find_LTP_FLP.c
CC code/opus-1.2.1/silk/float/find_LPC_FLP.c
CC code/opus-1.2.1/silk/float/find_pitch_lags_FLP.c
CC code/opus-1.2.1/silk/float/find_pred_coefs_FLP.c
CC code/opus-1.2.1/silk/float/LPC_analysis_filter_FLP.c
CC code/opus-1.2.1/silk/float/LTP_analysis_filter_FLP.c
CC code/opus-1.2.1/silk/float/noise_shape_analysis_FLP.c
CC code/opus-1.2.1/silk/float/LTP_scale_ctrl_FLP.c
CC code/opus-1.2.1/silk/float/process_gains_FLP.c
CC code/opus-1.2.1/silk/float/regularize_correlations_FLP.c
CC code/opus-1.2.1/silk/float/residual_energy_FLP.c
CC code/opus-1.2.1/silk/float/warped_autocorrelation_FLP.c
CC code/opus-1.2.1/silk/float/wrappers_FLP.c
CC code/opus-1.2.1/silk/float/autocorrelation_FLP.c
CC code/opus-1.2.1/silk/float/burg_modified_FLP.c
CC code/opus-1.2.1/silk/float/bwexpander_FLP.c
CC code/opus-1.2.1/silk/float/inner_product_FLP.c
CC code/opus-1.2.1/silk/float/energy_FLP.c
CC code/opus-1.2.1/silk/float/k2a_FLP.c
CC code/opus-1.2.1/silk/float/pitch_analysis_core_FLP.c
CC code/opus-1.2.1/silk/float/LPC_inv_pred_gain_FLP.c
CC code/opus-1.2.1/silk/float/scale_copy_vector_FLP.c
CC code/opus-1.2.1/silk/float/scale_vector_FLP.c
CC code/opus-1.2.1/silk/float/schur_FLP.c
CC code/opusfile-0.9/src/info.c
CC code/opus-1.2.1/silk/float/sort_FLP.c
CC code/opusfile-0.9/src/internal.c
CC code/opusfile-0.9/src/opusfile.c
CC code/opusfile-0.9/src/stream.c
CC code/opusfile-0.9/src/http.c
CC code/libogg-1.3.3/src/bitwise.c
CC code/libogg-1.3.3/src/framing.c
CC code/libvorbis-1.3.6/lib/analysis.c
code/opusfile-0.9/src/opusfile.c:3228:18: warning: implicit conversion from 'unsigned int' to 'float' changes value from 4294967295 to 4294967296 [-Wimplicit-const-int-float-conversion]
 3228 |           r=seed*OP_PRNG_GAIN;
      |                  ^~~~~~~~~~~~
code/opusfile-0.9/src/opusfile.c:3165:29: note: expanded from macro 'OP_PRNG_GAIN'
 3165 | # define OP_PRNG_GAIN (1.0F/0xFFFFFFFF)
      |                            ~^~~~~~~~~~
code/opusfile-0.9/src/opusfile.c:3230:19: warning: implicit conversion from 'unsigned int' to 'float' changes value from 4294967295 to 4294967296 [-Wimplicit-const-int-float-conversion]
 3230 |           r-=seed*OP_PRNG_GAIN;
      |                   ^~~~~~~~~~~~
code/opusfile-0.9/src/opusfile.c:3165:29: note: expanded from macro 'OP_PRNG_GAIN'
 3165 | # define OP_PRNG_GAIN (1.0F/0xFFFFFFFF)
      |                            ~^~~~~~~~~~
CC code/libvorbis-1.3.6/lib/bitrate.c
CC code/libvorbis-1.3.6/lib/block.c
CC code/libvorbis-1.3.6/lib/codebook.c
CC code/libvorbis-1.3.6/lib/envelope.c
CC code/libvorbis-1.3.6/lib/floor0.c
CC code/libvorbis-1.3.6/lib/floor1.c
CC code/libvorbis-1.3.6/lib/info.c
CC code/libvorbis-1.3.6/lib/lookup.c
CC code/libvorbis-1.3.6/lib/lpc.c
CC code/libvorbis-1.3.6/lib/lsp.c
CC code/libvorbis-1.3.6/lib/mapping0.c
CC code/libvorbis-1.3.6/lib/mdct.c
CC code/libvorbis-1.3.6/lib/psy.c
CC code/libvorbis-1.3.6/lib/registry.c
CC code/libvorbis-1.3.6/lib/res0.c
CC code/libvorbis-1.3.6/lib/sharedbook.c
CC code/libvorbis-1.3.6/lib/smallft.c
CC code/libvorbis-1.3.6/lib/synthesis.c
CC code/libvorbis-1.3.6/lib/vorbisenc.c
CC code/libvorbis-1.3.6/lib/vorbisfile.c
2 warnings generated.
CC code/libvorbis-1.3.6/lib/window.c
CC code/zlib-1.2.11/crc32.c
CC code/zlib-1.2.11/adler32.c
In file included from code/zlib-1.2.11/crc32.c:31:
code/zlib-1.2.11/zutil.h:163:11: warning: 'OS_CODE' macro redefined [-Wmacro-redefined]
  163 | #  define OS_CODE 19
      |           ^
code/zlib-1.2.11/zutil.h:134:11: note: previous definition is here
  134 | #  define OS_CODE  7
      |           ^
code/zlib-1.2.11/crc32.c:202:23: warning: a function definition without a prototype is deprecated in all versions of C and is not supported in C23 [-Wdeprecated-non-prototype]
  202 | unsigned long ZEXPORT crc32_z(crc, buf, len)
      |                       ^
code/zlib-1.2.11/crc32.c:237:23: warning: a function definition without a prototype is deprecated in all versions of C and is not supported in C23 [-Wdeprecated-non-prototype]
  237 | unsigned long ZEXPORT crc32(crc, buf, len)
      |                       ^
code/zlib-1.2.11/crc32.c:266:21: warning: a function definition without a prototype is deprecated in all versions of C and is not supported in C23 [-Wdeprecated-non-prototype]
  266 | local unsigned long crc32_little(crc, buf, len)
      |                     ^
code/zlib-1.2.11/crc32.c:306:21: warning: a function definition without a prototype is deprecated in all versions of C and is not supported in C23 [-Wdeprecated-non-prototype]
  306 | local unsigned long crc32_big(crc, buf, len)
      |                     ^
code/zlib-1.2.11/crc32.c:344:21: warning: a function definition without a prototype is deprecated in all versions of C and is not supported in C23 [-Wdeprecated-non-prototype]
  344 | local unsigned long gf2_matrix_times(mat, vec)
      |                     ^
code/zlib-1.2.11/crc32.c:361:12: warning: a function definition without a prototype is deprecated in all versions of C and is not supported in C23 [-Wdeprecated-non-prototype]
  361 | local void gf2_matrix_square(square, mat)
      |            ^
In file included from code/zlib-1.2.11/adler32.c:8:
code/zlib-1.2.11/zutil.h:163:11: warning: 'OS_CODE' macro redefined [-Wmacro-redefined]
  163 | #  definecode/zlib-1.2.11/crc32.c O:372:13: warning: a function definition without a prototype is deprecated in all versions of C and is not supported in C23 [-Wdeprecated-non-prototype]
  372 | local uLong crc32_combine_(crc1, crc2, len2)
      |             ^
S_CODE 19
      code/zlib-1.2.11/crc32.c:428:15: warning: a function definition without a prototype is deprecated in all versions of C and is not supported in C23 [-Wdeprecated-non-prototype]
  428 | uLong ZEXPORT crc32_combine(crc1, crc2, len2)
      |               ^
|           ^
code/zlib-1.2.11/zutil.h:134:11code/zlib-1.2.11/crc32.c:436:15: warning: a function definition without a prototype is deprecated in all versions of C and is not supported in C23 [-Wdeprecated-non-prototype]
  436 | uLong ZEXPORT crc32_combine64(crc1, crc2, len2)
      |               ^
: note: previous definition is here
  134 | #  define OS_CODE  7
      |           ^
code/zlib-1.2.11/adler32.c:63:15: warning: a function definition without a prototype is deprecated in all versions of C and is not supported in C23 [-Wdeprecated-non-prototype]
   63 | uLong ZEXPORT adler32_z(adler, buf, len)
      |               ^
code/zlib-1.2.11/adler32.c:134:15: warning: a function definition without a prototype is deprecated in all versions of C and is not supported in C23 [-Wdeprecated-non-prototype]
  134 | uLong ZEXPORT adler32(adler, buf, len)
      |               ^
code/zlib-1.2.11/adler32.c:143:13: warning: a function definition without a prototype is deprecated in all versions of C and is not supported in C23 [-Wdeprecated-non-prototype]
  143 | local uLong adler32_combine_(adler1, adler2, len2)
      |             ^
code/zlib-1.2.11/adler32.c:172:15: warning: a function definition without a prototype is deprecated in all versions of C and is not supported in C23 [-Wdeprecated-non-prototype]
  172 | uLong ZEXPORT adler32_combine(adler1, adler2, len2)
      |               ^
code/zlib-1.2.11/adler32.c:180:15: warning: a function definition without a prototype is deprecated in all versions of C and is not supported in C23 [-Wdeprecated-non-prototype]
  180 | uLong ZEXPORT adler32_combine64(adler1, adler2, len2)
      |               ^
CC code/zlib-1.2.11/inffast.c
6 warnings generated.
10 warnings generated.
CC code/zlib-1.2.11/inflate.c
CC code/zlib-1.2.11/inftrees.c
CC code/zlib-1.2.11/zutil.c
In file included from code/zlib-1.2.11/inffast.c:6:
code/zlib-1.2.11/zutil.h:163:11: warning: 'OS_CODE' macro redefined [-Wmacro-redefined]
  163 | #  define OS_CODE 19
      |           ^
code/zlib-1.2.11/zutil.h:134:11: note: previous definition is here
  134 | #  define OS_CODE  7
      |           ^
code/zlib-1.2.11/inffast.c:50:20: warning: a function definition without a prototype is deprecated in all versions of C and is not supported in C23 [-Wdeprecated-non-prototype]
   50 | void ZLIB_INTERNAL inflate_fast(strm, start)
      |                    ^
In file included from code/zlib-1.2.11/inflate.c:83:
code/zlib-1.2.11/zutil.h:163:11: warning: 'OS_CODE' macro redefined [-Wmacro-redefined]
  163 | #  define OS_CODE 19
      |           ^
code/zlib-1.2.11/zutil.h:134:11: note: previous definition is here
  134 | #  define OS_CODE  7
      |           ^
code/zlib-1.2.11/inflate.c:105:11: warning: a function definition without a prototype is deprecated in all versions of C and is not supported in C23 [-Wdeprecated-non-prototype]
  105 | local int inflateStateCheck(strm)
      |           ^
code/zlib-1.2.11/inflate.c:119:13: warning: a function definition without a prototype is deprecated in all versions of C and is not supported in C23 [-Wdeprecated-non-prototype]
  119 | int ZEXPORT inflateResetKeep(strm)
      |             ^
code/zlib-1.2.11/inflate.c:144:13: warning: a function definition without a prototype is deprecated in all versions of C and is not supported in C23 [-Wdeprecated-non-prototype]
  144 | int ZEXPORT inflateReset(strm)
      |             ^
code/zlib-1.2.11/inflate.c:157:13: warning: a function definition without a prototype is deprecated in all versions of C and is not supported in C23 [-Wdeprecated-non-prototype]
  157 | int ZEXPORT inflateReset2(strm, windowBits)
      |             ^
code/zlib-1.2.11/inflate.c:195:13: warning: a function definition without a prototype is deprecated in all versions of C and is not supported in C23 [-Wdeprecated-non-prototype]
  195 | int ZEXPORT inflateInit2_(strm, windowBits, version, stream_size)
      |             ^
code/zlib-1.2.11/inflate.c:239:13: warning: a function definition without a prototype is deprecated in all versions of C and is not supported in C23 [-Wdeprecated-non-prototype]
  239 | int ZEXPORT inflateInit_(strm, version, stream_size)
      |             ^
code/zlib-1.2.11/inflate.c:247:13: warning: a function definition without a prototype is deprecated in all versions of C and is not supported in C23 [-Wdeprecated-non-prototype]
  247 | int ZEXPORT inflatePrime(strm, bits, value)
      |             ^
code/zlib-1.2.11/inflate.c:278:12: warning: a function definition without a prototype is deprecated in all versions of C and is not supported in C23 [-Wdeprecated-non-prototype]
  278 | local void fixedtables(state)
      |            ^
code/zlib-1.2.11/inflate.c:396:11: warning: a function definition without a prototype is deprecated in all versions of C and is not supported in C23 [-Wdeprecated-non-prototype]
  396 | local int updatewindow(strm, end, copy)
      |           ^
In file included from code/zlib-1.2.11/inftrees.c:6:
code/zlib-1.2.11/zutil.h:163:11: warning: 'OS_CODE' macro redefined [-Wmacro-redefined]
  163 | #  define OS_CODE 19
      |           ^
code/zlib-1.2.11/zutil.h:134:11: note: previous definition is here
  134 | #  define OS_CODE  7
      |           ^
code/zlib-1.2.11/inftrees.c:32:19: warning: a function definition without a prototype is deprecated in all versions of C and is not supported in C23 [-Wdeprecated-non-prototype]
   32 | int ZLIB_INTERNAL inflate_table(type, lens, codes, table, bits, work)
      |                   ^
code/zlib-1.2.11/inflate.c:622:13: warning: a function definition without a prototype is deprecated in all versions of C and is not supported in C23 [-Wdeprecated-non-prototype]
  622 | int ZEXPORT inflate(strm, flush)
      |             ^
code/zlib-1.2.11/inflate.c:1277:13: warning: a function definition without a prototype is deprecated in all versions of C and is not supported in C23 [-Wdeprecated-non-prototype]
 1277 | int ZEXPORT inflateEnd(strm)
      |             ^
code/zlib-1.2.11/inflate.c:1291:13: warning: a function definition without a prototype is deprecated in all versions of C and is not supported in C23 [-Wdeprecated-non-prototype]
 1291 | int ZEXPORT inflateGetDictionary(strm, dictionary, dictLength)
      |             ^
code/zlib-1.2.11/inflate.c:1314:13: warning: a function definition without a prototype is deprecated in all versions of C and is not supported in C23 [-Wdeprecated-non-prototype]
 1314 | int ZEXPORT inflateSetDictionary(strm, dictionary, dictLength)
      |             ^
code/zlib-1.2.11/inflate.c:1349:13: warning: a function definition without a prototype is deprecated in all versions of C and is not supported in C23 [-Wdeprecated-non-prototype]
 1349 | int ZEXPORT inflateGetHeader(strm, head)
      |             ^
code/zlib-1.2.11/inflate.c:1377:16: warning: a function definition without a prototype is deprecated in all versions of C and is not supported in C23 [-Wdeprecated-non-prototype]
 1377 | local unsigned syncsearch(have, buf, len)
      |                ^
code/zlib-1.2.11/inflate.c:1400:13: warning: a function definition without a prototype is deprecated in all versions of C and is not supported in C23 [-Wdeprecated-non-prototype]
 1400 | int ZEXPORT inflateSync(strm)
      |             ^
code/zlib-1.2.11/inflate.c:1451:13: warning: a function definition without a prototype is deprecated in all versions of C and is not supported in C23 [-Wdeprecated-non-prototype]
 1451 | int ZEXPORT inflateSyncPoint(strm)
      |             ^
code/zlib-1.2.11/inflate.c:1461:13: warning: a function definition without a prototype is deprecated in all versions of C and is not supported in C23 [-Wdeprecated-non-prototype]
 1461 | int ZEXPORT inflateCopy(dest, source)
      |             ^
code/zlib-1.2.11/inflate.c:1508:13: warning: a function definition without a prototype is deprecated in all versions of C and is not supported in C23 [-Wdeprecated-non-prototype]
 1508 | int ZEXPORT inflateUndermine(strm, subvert)
      |             ^
code/zlib-1.2.11/inflate.c:1526:13: warning: a function definition without a prototype is deprecated in all versions of C and is not supported in C23 [-Wdeprecated-non-prototype]
 1526 | int ZEXPORT inflateValidate(strm, check)
      |             ^
code/zlib-1.2.11/inflate.c:1541:14: warning: a function definition without a prototype is deprecated in all versions of C and is not supported in C23 [-Wdeprecated-non-prototype]
In file included from  1541 | long ZEXPORT inflateMark(strm)
      |              ^
code/zlib-1.2.11/zutil.c:8:
code/zlib-1.2.11/zutil.h:163:11: warning: 'OS_CODE' macro redefined [-Wmacro-redefined]
  163 | #  define OS_CODE 19
      |           ^
code/zlib-1.2.11/zutil.h:134:11: note: previous definition is here
  134 | #  define OS_CODE  7
      |           ^
code/zlib-1.2.11/inflate.c:1554:23: warning: a function definition without a prototype is deprecated in all versions of C and is not supported in C23 [-Wdeprecated-non-prototype]
 1554 | unsigned In file included from code/zlib-1.2.11/zutil.c:10:
In file included from code/zlib-1.2.11/gzguts.h:21:
In file included from /Library/Developer/CommandLineTools/SDKs/MacOSX.sdk/usr/include/stdio.h:61:
/Library/Developer/CommandLineTools/SDKs/MacOSX.sdk/usr/include/_stdio.h:322:7: error: expected identifier or '('
  322 | FILE    *fdopen(int, const char *) __DARWIN_ALIAS_STARTING(__MAC_10_6, __IPHONE_2_0, __DARWIN_ALIAS(fdopen));
      |          ^
code/zlib-1.2.11/zutil.h:140:33: note: expanded from macro 'fdopen'
  140 | #        define fdopen(fd,mode) NULL /* No fdopen() */
      |                                 ^
/Library/Developer/CommandLineTools/usr/lib/clang/21/include/__stddef_null.h:26:16: note: expanded from macro 'NULL'
   26 | #define NULL ((void*)0)
      |                ^
long ZEXPORT inflateCodesUsed(strm)
      |                       ^
In file included from code/zlib-1.2.11/zutil.c:10:
In file included from code/zlib-1.2.11/gzguts.h:21:
In file included from /Library/Developer/CommandLineTools/SDKs/MacOSX.sdk/usr/include/stdio.h:61:
/Library/Developer/CommandLineTools/SDKs/MacOSX.sdk/usr/include/_stdio.h:322:7: error: expected ')'
code/zlib-1.2.11/zutil.h:140:33: note: expanded from macro 'fdopen'
  140 | #        define fdopen(fd,mode) NULL /* No fdopen() */
      |                                 ^
/Library/Developer/CommandLineTools/usr/lib/clang/21/include/__stddef_null.h:26:16: note: expanded from macro 'NULL'
   26 | #define NULL ((void*)0)
      |                ^
/Library/Developer/CommandLineTools/SDKs/MacOSX.sdk/usr/include/_stdio.h:322:7: note: to match this '('
code/zlib-1.2.11/zutil.h:140:33: note: expanded from macro 'fdopen'
  140 | #        define fdopen(fd,mode) NULL /* No fdopen() */
      |                                 ^
/Library/Developer/CommandLineTools/usr/lib/clang/21/include/__stddef_null.h:26:15: note: expanded from macro 'NULL'
   26 | #define NULL ((void*)0)
      |               ^
In file included from code/zlib-1.2.11/zutil.c:10:
In file included from code/zlib-1.2.11/gzguts.h:21:
In file included from /Library/Developer/CommandLineTools/SDKs/MacOSX.sdk/usr/include/stdio.h:61:
/Library/Developer/CommandLineTools/SDKs/MacOSX.sdk/usr/include/_stdio.h:322:7: error: expected ')'
  322 | FILE    *fdopen(int, const char *) __DARWIN_ALIAS_STARTING(__MAC_10_6, __IPHONE_2_0, __DARWIN_ALIAS(fdopen));
      |          ^
code/zlib-1.2.11/zutil.h:140:33: note: expanded from macro 'fdopen'
  140 | #        define fdopen(fd,mode) NULL /* No fdopen() */
      |                                 ^
/Library/Developer/CommandLineTools/usr/lib/clang/21/include/__stddef_null.h:26:22: note: expanded from macro 'NULL'
   26 | #define NULL ((void*)0)
      |                      ^
/Library/Developer/CommandLineTools/SDKs/MacOSX.sdk/usr/include/_stdio.h:322:7: note: to match this '('
code/zlib-1.2.11/zutil.h:140:33: note: expanded from macro 'fdopen'
  140 | #        define fdopen(fd,mode) NULL /* No fdopen() */
      |                                 ^
/Library/Developer/CommandLineTools/usr/lib/clang/21/include/__stddef_null.h:26:14: note: expanded from macro 'NULL'
   26 | #define NULL ((void*)0)
      |              ^
code/zlib-1.2.11/zutil.c:133:22: warning: a function definition without a prototype is deprecated in all versions of C and is not supported in C23 [-Wdeprecated-non-prototype]
  133 | const char * ZEXPORT zError(err)
      |                      ^
code/zlib-1.2.11/zutil.c:305:22: warning: a function definition without a prototype is deprecated in all versions of C and is not supported in C23 [-Wdeprecated-non-prototype]
  305 | voidpf ZLIB_INTERNAL zcalloc (opaque, items, size)
      |                      ^
code/zlib-1.2.11/zutil.c:315:20: warning: a function definition without a prototype is deprecated in all versions of C and is not supported in C23 [-Wdeprecated-non-prototype]
  315 | void ZLIB_INTERNAL zcfree (opaque, ptr)
      |                    ^
4 warnings and 3 errors generated.
make[2]: *** [build/release-darwin-arm64-nosteam/client/zutil.o] Error 1
CC code/sys/sys_unix.c
2 warnings generated.
CC code/sys/sys_osx.m
2 warnings generated.
CC code/client/libmumblelink.c
lipo -extract arm64 code/libs/macosx/libSDL2main.a -o build/release-darwin-arm64-nosteam/libSDL2main.a
ranlib build/release-darwin-arm64-nosteam/libSDL2main.a
REF_CC code/renderer/tr_altivec.c
23 warnings generated.
REF_CC code/renderer/tr_animation.c
REF_CC code/renderer/tr_backend.c
REF_CC code/renderer/tr_bsp.c
REF_CC code/renderer/tr_cmds.c
REF_CC code/renderer/tr_cmesh.c
REF_CC code/renderer/tr_curve.c
REF_CC code/renderer/tr_flares.c
REF_CC code/renderer/tr_font.c
REF_CC code/renderer/tr_image.c
REF_CC code/renderer/tr_image_bmp.c
REF_CC code/renderer/tr_image_jpg.c
REF_CC code/renderer/tr_image_pcx.c
REF_CC code/renderer/tr_image_png.c
REF_CC code/renderer/tr_image_tga.c
REF_CC code/renderer/tr_init.c
REF_CC code/renderer/tr_light.c
REF_CC code/renderer/tr_main.c
code/sys/sys_osx.m:53:25: warning: 'NSCriticalAlertStyle' is deprecated: first deprecated in macOS 10.12 [-Wdeprecated-declarations]
   53 |                 [alert setAlertStyle: NSCriticalAlertStyle];
      |                                       ^~~~~~~~~~~~~~~~~~~~
      |                                       NSAlertStyleCritical
/Library/Developer/CommandLineTools/SDKs/MacOSX.sdk/System/Library/Frameworks/AppKit.framework/Headers/NSAlert.h:196:27: note: 'NSCriticalAlertStyle' has been explicitly marked deprecated here
  196 | static const NSAlertStyle NSCriticalAlertStyle API_DEPRECATED_WITH_REPLACEMENT("NSAlertStyleCritical", macos(10.3,10.12)) = NSAlertStyleCritical;
      |                           ^
code/sys/sys_osx.m:55:25: warning: 'NSWarningAlertStyle' is deprecated: first deprecated in macOS 10.12 [-Wdeprecated-declarations]
   55 |                 [alert setAlertStyle: NSWarningAlertStyle];
      |                                       ^~~~~~~~~~~~~~~~~~~
      |                                       NSAlertStyleWarning
/Library/Developer/CommandLineTools/SDKs/MacOSX.sdk/System/Library/Frameworks/AppKit.framework/Headers/NSAlert.h:194:27: note: 'NSWarningAlertStyle' has been explicitly marked deprecated here
  194 | static const NSAlertStyle NSWarningAlertStyle API_DEPRECATED_WITH_REPLACEMENT("NSAlertStyleWarning", macos(10.3,10.12)) = NSAlertStyleWarning;
      |                           ^
2 warnings generated.
REF_CC code/renderer/tr_marks.c
REF_CC code/renderer/tr_mesh.c
REF_CC code/renderer/tr_model.c
REF_CC code/renderer/tr_model_iqm.c
REF_CC code/renderer/tr_noise.c
REF_CC code/renderer/tr_scene.c
REF_CC code/renderer/tr_shade.c
REF_CC code/renderer/tr_shade_calc.c
REF_CC code/renderer/tr_shader.c
REF_CC code/renderer/tr_shadows.c
REF_CC code/renderer/tr_sky.c
REF_CC code/renderer/tr_surface.c
REF_CC code/renderer/tr_world.c
REF_CC code/renderer/tr_bloom.c
REF_CC code/sdl/sdl_gamma.c
REF_CC code/sdl/sdl_glimp.c
REF_CC code/qcommon/q_shared.c
REF_CC code/qcommon/puff.c
REF_CC code/qcommon/q_math.c
REF_CC code/renderer/tr_subs.c
REF_CC code/jpeg-8c/jaricom.c
REF_CC code/jpeg-8c/jcapimin.c
REF_CC code/jpeg-8c/jcapistd.c
REF_CC code/jpeg-8c/jcarith.c
REF_CC code/jpeg-8c/jccoefct.c
REF_CC code/jpeg-8c/jccolor.c
REF_CC code/jpeg-8c/jcdctmgr.c
REF_CC code/jpeg-8c/jchuff.c
REF_CC code/jpeg-8c/jcinit.c
REF_CC code/jpeg-8c/jcmainct.c
REF_CC code/jpeg-8c/jcmarker.c
REF_CC code/jpeg-8c/jcmaster.c
REF_CC code/jpeg-8c/jcomapi.c
REF_CC code/jpeg-8c/jcparam.c
REF_CC code/jpeg-8c/jcprepct.c
REF_CC code/jpeg-8c/jcsample.c
REF_CC code/jpeg-8c/jctrans.c
REF_CC code/jpeg-8c/jdapimin.c
REF_CC code/jpeg-8c/jdapistd.c
REF_CC code/jpeg-8c/jdarith.c
REF_CC code/jpeg-8c/jdatadst.c
REF_CC code/jpeg-8c/jdatasrc.c
REF_CC code/jpeg-8c/jdcolor.c
REF_CC code/jpeg-8c/jdcoefct.c
REF_CC code/jpeg-8c/jddctmgr.c
REF_CC code/jpeg-8c/jdhuff.c
REF_CC code/jpeg-8c/jdinput.c
REF_CC code/jpeg-8c/jdmainct.c
REF_CC code/jpeg-8c/jdmarker.c
REF_CC code/jpeg-8c/jdmaster.c
REF_CC code/jpeg-8c/jdmerge.c
REF_CC code/jpeg-8c/jdpostct.c
REF_CC code/jpeg-8c/jdsample.c
REF_CC code/jpeg-8c/jdtrans.c
REF_CC code/jpeg-8c/jerror.c
REF_CC code/jpeg-8c/jfdctflt.c
REF_CC code/jpeg-8c/jfdctfst.c
REF_CC code/jpeg-8c/jidctflt.c
REF_CC code/jpeg-8c/jfdctint.c
REF_CC code/jpeg-8c/jidctfst.c
REF_CC code/jpeg-8c/jidctint.c
REF_CC code/jpeg-8c/jmemmgr.c
REF_CC code/jpeg-8c/jmemnobs.c
REF_CC code/jpeg-8c/jquant1.c
REF_CC code/jpeg-8c/jquant2.c
REF_CC code/jpeg-8c/jutils.c
REF_CC code/freetype-2.9/src/base/ftsystem.c
REF_CC code/freetype-2.9/src/base/ftdebug.c
REF_CC code/freetype-2.9/src/base/ftinit.c
REF_CC code/freetype-2.9/src/base/ftbase.c
REF_CC code/freetype-2.9/src/base/ftbbox.c
REF_CC code/freetype-2.9/src/base/ftbdf.c
REF_CC code/freetype-2.9/src/base/ftbitmap.c
REF_CC code/freetype-2.9/src/base/ftcid.c
REF_CC code/freetype-2.9/src/base/ftfntfmt.c
REF_CC code/freetype-2.9/src/base/ftfstype.c
REF_CC code/freetype-2.9/src/base/ftgasp.c
REF_CC code/freetype-2.9/src/base/ftglyph.c
REF_CC code/freetype-2.9/src/base/ftgxval.c
REF_CC code/freetype-2.9/src/base/ftlcdfil.c
REF_CC code/freetype-2.9/src/base/ftmm.c
REF_CC code/freetype-2.9/src/base/ftotval.c
REF_CC code/freetype-2.9/src/base/ftpatent.c
REF_CC code/freetype-2.9/src/base/ftpfr.c
REF_CC code/freetype-2.9/src/base/ftstroke.c
REF_CC code/freetype-2.9/src/base/ftsynth.c
REF_CC code/freetype-2.9/src/base/fttype1.c
REF_CC code/freetype-2.9/src/base/ftwinfnt.c
REF_CC code/freetype-2.9/src/truetype/truetype.c
REF_CC code/freetype-2.9/src/type1/type1.c
REF_CC code/freetype-2.9/src/cff/cff.c
REF_CC code/freetype-2.9/src/cid/type1cid.c
REF_CC code/freetype-2.9/src/pfr/pfr.c
REF_CC code/freetype-2.9/src/type42/type42.c
REF_CC code/freetype-2.9/src/winfonts/winfnt.c
REF_CC code/freetype-2.9/src/pcf/pcf.c
REF_CC code/freetype-2.9/src/bdf/bdf.c
REF_CC code/freetype-2.9/src/sfnt/sfnt.c
REF_CC code/freetype-2.9/src/autofit/autofit.c
REF_CC code/freetype-2.9/src/pshinter/pshinter.c
REF_CC code/freetype-2.9/src/raster/raster.c
REF_CC code/freetype-2.9/src/smooth/smooth.c
REF_CC code/freetype-2.9/src/cache/ftcache.c
REF_CC code/freetype-2.9/src/gzip/ftgzip.c
In file included from code/freetype-2.9/src/gzip/ftgzip.c:77:
In file included from code/freetype-2.9/src/gzip/zlib.h:34:
code/freetype-2.9/src/gzip/ftzconf.h:228:12: error: unknown type name 'Byte'
  228 |    typedef Byte  FAR Bytef;
      |            ^
In file included from code/freetype-2.9/src/gzip/ftgzip.c:95:
code/freetype-2.9/src/gzip/inftrees.h:22:7: error: unknown type name 'Byte'
   22 |       Byte Exop;        /* number of extra bits or operation */
      |       ^
code/freetype-2.9/src/gzip/inftrees.h:23:7: error: unknown type name 'Byte'
   23 |       Byte Bits;        /* number of bits in this code or subcode */
      |       ^
In file included from code/freetype-2.9/src/gzip/ftgzip.c:103:
code/freetype-2.9/src/gzip/inftrees.c:247:21: error: use of undeclared identifier 'Byte'; did you mean 'Bytef'?
  247 |           r.bits = (Byte)l;     /* bits to dump before this table */
      |                     ^~~~
code/freetype-2.9/src/gzip/ftzconf.h:228:22: note: 'Bytef' declared here
  228 |    typedef Byte  FAR Bytef;
      |                      ^
In file included from code/freetype-2.9/src/gzip/ftgzip.c:103:
code/freetype-2.9/src/gzip/inftrees.c:248:21: error: use of undeclared identifier 'Byte'; did you mean 'Bytef'?
  248 |           r.exop = (Byte)j;     /* bits in this table */
      |                     ^~~~
code/freetype-2.9/src/gzip/ftzconf.h:228:22: note: 'Bytef' declared here
  228 |    typedef Byte  FAR Bytef;
      |                      ^
In file included from code/freetype-2.9/src/gzip/ftgzip.c:103:
code/freetype-2.9/src/gzip/inftrees.c:258:17: error: use of undeclared identifier 'Byte'; did you mean 'Bytef'?
  258 |       r.bits = (Byte)(k - w);
      |                 ^~~~
code/freetype-2.9/src/gzip/ftzconf.h:228:22: note: 'Bytef' declared here
  228 |    typedef Byte  FAR Bytef;
      |                      ^
In file included from code/freetype-2.9/src/gzip/ftgzip.c:103:
code/freetype-2.9/src/gzip/inftrees.c:263:19: error: use of undeclared identifier 'Byte'; did you mean 'Bytef'?
  263 |         r.exop = (Byte)(*p < 256 ? 0 : 32 + 64);     /* 256 is end-of-block */
      |                   ^~~~
code/freetype-2.9/src/gzip/ftzconf.h:228:22: note: 'Bytef' declared here
  228 |    typedef Byte  FAR Bytef;
      |                      ^
In file included from code/freetype-2.9/src/gzip/ftgzip.c:103:
code/freetype-2.9/src/gzip/inftrees.c:268:19: error: use of undeclared identifier 'Byte'; did you mean 'Bytef'?
  268 |         r.exop = (Byte)(e[*p - s] + 16 + 64);/* non-simple--look up in lists */
      |                   ^~~~
code/freetype-2.9/src/gzip/ftzconf.h:228:22: note: 'Bytef' declared here
  228 |    typedef Byte  FAR Bytef;
      |                      ^
In file included from code/freetype-2.9/src/gzip/ftgzip.c:105:
code/freetype-2.9/src/gzip/infcodes.c:50:3: error: unknown type name 'Byte'
   50 |   Byte lbits;           /* ltree bits decoded per branch */
      |   ^
code/freetype-2.9/src/gzip/infcodes.c:51:3: error: unknown type name 'Byte'
   51 |   Byte dbits;           /* dtree bits decoder per branch */
      |   ^
code/freetype-2.9/src/gzip/infcodes.c:70:17: error: use of undeclared identifier 'Byte'; did you mean 'Bytef'?
   70 |     c->lbits = (Byte)bl;
      |                 ^~~~
code/freetype-2.9/src/gzip/ftzconf.h:228:22: note: 'Bytef' declared here
  228 |    typedef Byte  FAR Bytef;
      |                      ^
In file included from code/freetype-2.9/src/gzip/ftgzip.c:105:
code/freetype-2.9/src/gzip/infcodes.c:71:17: error: use of undeclared identifier 'Byte'; did you mean 'Bytef'?
   71 |     c->dbits = (Byte)bd;
      |                 ^~~~
code/freetype-2.9/src/gzip/ftzconf.h:228:22: note: 'Bytef' declared here
  228 |    typedef Byte  FAR Bytef;
      |                      ^
In file included from code/freetype-2.9/src/gzip/ftgzip.c:105:
code/freetype-2.9/src/gzip/infcodes.c:204:9: error: use of undeclared identifier 'Byte'; did you mean 'Bytef'?
  204 |         OUTBYTE(*f++)
      |         ^~~~~~~~~~~~~
code/freetype-2.9/src/gzip/infutil.h:83:27: note: expanded from macro 'OUTBYTE'
   83 | #define OUTBYTE(a) {*q++=(Byte)(a);m--;}
      |                           ^~~~
code/freetype-2.9/src/gzip/ftzconf.h:228:22: note: 'Bytef' declared here
  228 |    typedef Byte  FAR Bytef;
      |                      ^
In file included from code/freetype-2.9/src/gzip/ftgzip.c:105:
code/freetype-2.9/src/gzip/infcodes.c:213:7: error: use of undeclared identifier 'Byte'; did you mean 'Bytef'?
  213 |       OUTBYTE(c->sub.lit)
      |       ^~~~~~~~~~~~~~~~~~~
code/freetype-2.9/src/gzip/infutil.h:83:27: note: expanded from macro 'OUTBYTE'
   83 | #define OUTBYTE(a) {*q++=(Byte)(a);m--;}
      |                           ^~~~
code/freetype-2.9/src/gzip/ftzconf.h:228:22: note: 'Bytef' declared here
  228 |    typedef Byte  FAR Bytef;
      |                      ^
code/freetype-2.9/src/gzip/ftgzip.c:317:23: warning: incompatible pointer types assigning to 'Bytef *' (aka 'int *') from 'FT_Byte[4096]' (aka 'unsigned char[4096]') [-Wincompatible-pointer-types]
  317 |     zstream->next_in  = zip->buffer;
      |                       ^ ~~~~~~~~~~~
code/freetype-2.9/src/gzip/ftgzip.c:366:26: warning: incompatible pointer types assigning to 'Bytef *' (aka 'int *') from 'FT_Byte[4096]' (aka 'unsigned char[4096]') [-Wincompatible-pointer-types]
  366 |       zstream->next_in   = zip->input;
      |                          ^ ~~~~~~~~~~
code/freetype-2.9/src/gzip/ftgzip.c:368:26: warning: incompatible pointer types assigning to 'Bytef *' (aka 'int *') from 'FT_Byte[4096]' (aka 'unsigned char[4096]') [-Wincompatible-pointer-types]
  368 |       zstream->next_out  = zip->buffer;
      |                          ^ ~~~~~~~~~~~
code/freetype-2.9/src/gzip/ftgzip.c:413:23: warning: incompatible pointer types assigning to 'Bytef *' (aka 'int *') from 'FT_Byte[4096]' (aka 'unsigned char[4096]') [-Wincompatible-pointer-types]
  413 |     zstream->next_in  = zip->input;
      |                       ^ ~~~~~~~~~~
code/freetype-2.9/src/gzip/ftgzip.c:428:24: warning: incompatible pointer types assigning to 'Bytef *' (aka 'int *') from 'FT_Byte *' (aka 'unsigned char *') [-Wincompatible-pointer-types]
  428 |     zstream->next_out  = zip->cursor;
      |                        ^ ~~~~~~~~~~~
code/freetype-2.9/src/gzip/ftgzip.c:447:20: warning: incompatible pointer types assigning to 'FT_Byte *' (aka 'unsigned char *') from 'Bytef *' (aka 'int *') [-Wincompatible-pointer-types]
  447 |         zip->limit = zstream->next_out;
      |                    ^ ~~~~~~~~~~~~~~~~~
code/freetype-2.9/src/gzip/ftgzip.c:746:22: warning: incompatible pointer types assigning to 'Bytef *' (aka 'int *') from 'FT_Byte *' (aka 'unsigned char *') [-Wincompatible-pointer-types]
  746 |     stream.next_out  = output;
      |                      ^ ~~~~~~
7 warnings and 14 errors generated.
make[2]: *** [build/release-darwin-arm64-nosteam/renderer/ftgzip.o] Error 1
REF_CC code/freetype-2.9/src/lzw/ftlzw.c
REF_CC code/freetype-2.9/src/bzip2/ftbzip2.c
REF_CC code/freetype-2.9/src/psaux/psaux.c
REF_CC code/freetype-2.9/src/psnames/psnames.c
REF_CC code/renderervk/tr_animation.c
REF_CC code/renderervk/tr_backend.c
In file included from code/renderervk/tr_animation.c:23:
code/renderervk/tr_local.h:95:9: warning: 'REFENTITYNUM_BITS' macro redefined [-Wmacro-redefined]
   95 | #define REFENTITYNUM_BITS       12      // as we actually using only 1 bit for dlight mask in opengl1 renderer
      |         ^
code/renderervk/../qcommon/../qcommon/../renderer/tr_types.h:35:9: note: previous definition is here
   35 | #define REFENTITYNUM_BITS       11              // can't be increased without changing drawsurf bit packing
      |         ^
In file included from code/renderervk/tr_animation.c:23:
code/renderervk/tr_local.h:96:9: warning: 'REFENTITYNUM_MASK' macro redefined [-Wmacro-redefined]
   96 | #define REFENTITYNUM_MASK       ((1<<REFENTITYNUM_BITS) - 1)
      |         ^
code/renderervk/../qcommon/../qcommon/../renderer/tr_types.h:36:9: note: previous definition is here
   36 | #define REFENTITYNUM_MASK ((uint64_t)((1ull << REFENTITYNUM_BITS) - 1))
      |         ^
In file included from code/renderervk/tr_animation.c:23:
code/renderervk/tr_local.h:362:2: error: unknown type name 'color4ub_t'; did you mean 'colorGen_t'?
  362 |         color4ub_t              constantColor;                  // for CGEN_CONST and AGEN_CONST
      |         ^~~~~~~~~~
      |         colorGen_t
code/renderervk/tr_local.h:246:3: note: 'colorGen_t' declared here
  246 | } colorGen_t;
      |   ^
code/renderervk/tr_local.h:611:2: error: unknown type name 'color4ub_t'; did you mean 'colorGen_t'?
  611 |         color4ub_t      colorInt;                               // in packed byte format
      |         ^~~~~~~~~~
      |         colorGen_t
code/renderervk/tr_local.h:246:3: note: 'colorGen_t' declared here
  246 | } colorGen_t;
      |   ^
code/renderervk/tr_local.h:1134:2: error: unknown type name 'color4ub_t'; did you mean 'colorGen_t'?
 1134 |         color4ub_t      color2D;
      |         ^~~~~~~~~~
      |         colorGen_t
code/renderervk/tr_local.h:246:3: note: 'colorGen_t' declared here
  246 | } colorGen_t;
      |   ^
REF_CC code/renderervk/tr_bsp.c
code/renderervk/tr_local.h:1187:29: error: use of undeclared identifier 'MAX_VIDEO_HANDLES'
 1187 |         image_t                                 *scratchImage[ MAX_VIDEO_HANDLES ];
      |                                                                ^~~~~~~~~~~~~~~~~
code/renderervk/tr_local.h:1578:2: error: unknown type name 'color4ub_t'; did you mean 'colorGen_t'?
 1578 |         color4ub_t      colors[NUM_TEXTURE_BUNDLES][SHADER_MAX_VERTEXES]; // we need at least 2xSHADER_MAX_VERTEXES for shadows and normals
      |         ^~~~~~~~~~
      |         colorGen_t
code/renderervk/tr_local.h:246:3: note: 'colorGen_t' declared here
  246 | } colorGen_t;
      |   ^
code/renderervk/tr_local.h:1591:2: error: unknown type name 'color4ub_t'; did you mean 'colorGen_t'?
 1591 |         color4ub_t      vertexColors[SHADER_MAX_VERTEXES] QALIGN(16);
      |         ^~~~~~~~~~
      |         colorGen_t
code/renderervk/tr_local.h:246:3: note: 'colorGen_t' declared here
  246 | } colorGen_t;
      |   ^
code/renderervk/tr_local.h:1597:2: error: unknown type name 'color4ub_t'; did you mean 'colorGen_t'?
 1597 |         color4ub_t      constantColor255[SHADER_MAX_VERTEXES] QALIGN(16);
      |         ^~~~~~~~~~
      |         colorGen_t
code/renderervk/tr_local.h:246:3: note: 'colorGen_t' declared here
  246 | } colorGen_t;
      |   ^
In file included from code/renderervk/tr_backend.c:22:
code/renderervk/tr_local.h:95:9: warning: 'REFENTITYNUM_BITS' macro redefined [-Wmacro-redefined]
   95 | #define REFENTITYNUM_BITS       12      // as we actually using only 1 bit for dlight mask in opengl1 renderer
      |         ^
code/renderervk/../qcommon/../qcommon/../renderer/tr_types.h:35:9: note: previous definition is here
   35 | #define REFENTITYNUM_BITS       11              // can't be increased without changing drawsurf bit packincode/renderervk/tr_local.hg
      |         ^
In file included from code/renderervk/tr_backend.c:22:
code/renderervk/tr_local.h:96:9: warning: :1649:80'REFENTITYNUM_MASK' macro redefined [-Wmacro-redefined]
   96 | #define REFENTITYNUM_MASK:       (( 1error: unknown type name 'color4ub_t'; did you mean 'colorGen_t'?
 1649 | void RB_Ad<d<REFENTITYQuadStamp( coNnUM_BITSst vec3_t origi)n, const - 1)
      |         ^
code/renderervk/../qcommon/../qcommon/../renderer/tr_types.h:36:9: note: previous definition is here
 ve   36 | #define Rc3_t left, const vec3_t up, color4ub_t coElFENTITYNUM_MoASrK  ((uint64_t)((1ull <<);
       | REFENTITYN                                                                               ^~~~~~~~~~U
M      _BITS) - 1)| )                                                                               colorGen_t

      |         ^
code/renderervk/tr_local.h:246:3: note: 'colorGen_t' declared here
  246 | } colorGen_t;
      |   ^
In file included from code/renderervk/tr_backend.c:22:
code/renderervk/tr_local.h:362:2: error: unknown type name 'color4ub_t'; did you mean 'colorGen_t'?
  362 |         color4ub_t              constantColor;                  // for CGEN_CONST and AGEN_CONST
      |         ^~~~~~~~~~
      |         colorGen_t
code/renderervk/tr_local.h:246:3: note: 'colorGen_t' declared here
  246 | } colorGen_t;
      |   ^
code/renderervk/tr_local.h:1650:83: error: unknown type name 'color4ub_t'; did you mean 'colorGen_t'?
 1650 | void RB_AddQuadStampExt( const vec3_t origin, const vec3_t left, const vec3_t up, color4ub_t color, float s1, float t1, float s2, float t2 );
      |                                                                                   ^~~~~~~~~~
      |                                                                                   colorGen_t
code/renderervk/tr_local.h:246:3: note: 'colorGen_t' declared here
  246 | } colorGen_t;
      |   ^
code/renderervk/tr_local.h:611:2: error: unknown type name 'color4ub_t'; did you mean 'colorGen_t'?
  611 |         color4ub_t      colorInt;                               // in packed byte format
      |         ^~~~~~~~~~
      |         colorGen_t
code/renderervk/tr_local.h:246:3: note: 'colorGen_t' declared here
  246 | } colorGen_t;
      |   ^
code/renderervk/tr_local.h:1651:100: error: unknown type name 'color4ub_t'; did you mean 'colorGen_t'?
 1651 | void RB_AddQuadStamp2( float x, float y, float w, float h, float s1, float t1, float s2, float t2, color4ub_t color );
      |                                                                                                    ^~~~~~~~~~
      |                                                                                                    colorGen_t
code/renderervk/tr_local.h:246:3: note: 'colorGen_t' declared here
  246 | } colorGen_t;
      |   ^
code/renderervk/tr_local.h:1701:41: error: unknown type name 'color4ub_t'; did you mean 'colorGen_t'?
 1701 | void R_ComputeColors( const int bundle, color4ub_t *dest, ccode/renderervk/tr_local.h:1134:2: error: unknown type name 'color4ub_t'; did you mean 'colorGen_t'?
 1134 |         color4ub_t      color2D;
      |         ^~~~~~~~~~
      |         colorGen_tonst shader
Scode/renderervk/tr_local.ht:a246g:3: note: 'colorGen_t' declared heree
_t *pSt  a246g | } colorGen_e );
      |                                         ^~~~~~~~~~
      |                                         colorGen_t
code/renderervk/tr_local.h:246:3: note: 'colorGen_t' declared here
  246 | } colorGen_t;
t;
            |   ^
|   ^
2 warnings and 11 errors generated.
code/renderervk/tr_local.h:1187:29: error: use of undeclared identifier 'MAX_VIDEO_HANDLES'
 1187 |         image_t                                 *scratchImage[ MAX_VIDEO_HANDLES ];
      |                                                                ^~~~~~~~~~~~~~~~~
code/renderervk/tr_local.h:1578:2: error: unknown type name 'color4ub_t'; did you mean 'colorGen_t'?
 1578 |         color4ub_t      colors[NUM_TEXTURE_BUNDLES][SHADER_MAX_VERTEXES]; // we need at least 2xSHADER_MAX_VERTEXES for shadows and normals
      |         ^~~~~~~~~~
      |         colorGen_t
code/renderervk/tr_local.h:246:3: note: 'colorGen_t' declared here
  246 | } colorGen_t;
      |   ^
make[2]: *** [build/release-darwin-arm64-nosteam/rendv/tr_animation.o] Error 1
code/renderervk/tr_local.h:1591:2: error: unknown type name 'color4ub_t'; did you mean 'colorGen_t'?
 1591 |         color4ub_t      vertexColors[SHADER_MAX_VERTEXES] QALIGN(16);
      |         ^~~~~~~~~~
      |         colorGen_t
code/renderervk/tr_local.h:246:3: note: 'colorGen_t' declared here
  246 | } colorGen_t;
      |   ^
code/renderervk/tr_local.h:1597:2: error: unknown type name 'color4ub_t'; did you mean 'colorGen_t'?
 1597 |         color4ub_t      constantColor255[SHADER_MAX_VERTEXES] QALIGN(16);
      |         ^~~~~~~~~~
      |         colorGen_t
code/renderervk/tr_local.h:246:3: note: 'colorGen_t' declared here
  246 | } colorGen_t;
      |   ^
code/renderervk/tr_local.h:1649:80: error: unknown type name 'color4ub_t'; did you mean 'colorGen_t'?
 1649 | void RB_AddQuadStamp( const vec3_t origin, const vec3_t left, const vec3_t up, color4ub_t color );
      |                                                                                ^~~~~~~~~~
      |                                                                                colorGen_t
code/renderervk/tr_local.h:246:3: note: 'colorGen_t' declared here
  246 | } colorGen_t;
      |   ^
REF_CC code/renderervk/tr_cmds.c
code/renderervk/tr_local.h:1650:83: error: unknown type name 'color4ub_t'; did you mean 'colorGen_t'?
 1650 | void RB_AddQuadStampExt( const vec3_t origin, const vec3_t left, const vec3_t up, color4ub_t color, float s1, float t1, float s2, float t2 );
      |                                                                                   ^~~~~~~~~~
      |                                                                                   colorGen_t
code/renderervk/tr_local.h:246:3: note: 'colorGen_t' declared here
  246 | } colorGen_t;
      |   ^
REF_CC code/renderervk/tr_curve.c
code/renderervk/tr_local.h:1651:100: error: unknown type name 'color4ub_t'; did you mean 'colorGen_t'?
 1651 | void RB_AddQuadStamp2( float x, float y, float w, float h, float s1, float t1, float s2, float t2, color4ub_t color );
      |                                                                                                    ^~~~~~~~~~
      |                                                                                                    colorGen_t
code/renderervk/tr_local.h:246:3: note: 'colorGen_t' declared here
  246 | } colorGen_t;
      |   ^
code/renderervk/tr_local.h:1701:41: error: unknown type name 'color4ub_t'; did you mean 'colorGen_t'?
 1701 | void R_ComputeColors( const int bundle, color4ub_t *dest, const shaderStage_t *pStage );
      |                                         ^~~~~~~~~~
      |                                         colorGen_t
code/renderervk/tr_local.h:246:3: note: 'colorGen_t' declared here
  246 | } colorGen_t;
      |   ^
code/renderervk/tr_backend.c:450:2: error: unknown type name 'color4ub_t'; did you mean 'colorGen_t'?
  450 |         color4ub_t c;
      |         ^~~~~~~~~~
      |         colorGen_t
code/renderervk/tr_local.h:246:3: note: 'colorGen_t' declared here
  246 | } colorGen_t;
      |   ^
code/renderervk/tr_backend.c:469:4: error: member reference base type 'colorGen_t' is not a structure or union
  469 |                 c.rgba[0] = c.rgba[1] = c.rgba[2] = 0; // fade to black
      |                 ~^~~~~
code/renderervk/tr_backend.c:469:16: error: member reference base type 'colorGen_t' is not a structure or union
  469 |                 c.rgba[0] = c.rgba[1] = c.rgba[2] = 0; // fade to black
      |                             ~^~~~~
code/renderervk/tr_backend.c:469:28: error: member reference base type 'colorGen_t' is not a structure or union
  469 |                 c.rgba[0] = c.rgba[1] = c.rgba[2] = 0; // fade to black
      |                                         ~^~~~~
code/renderervk/tr_backend.c:471:4: error: member reference base type 'colorGen_t' is not a structure or union
  471 |                 c.rgba[0] = c.rgba[1] = c.rgba[2] = (backEnd.refdef.time & 255); // fade to white
      |                 ~^~~~~
code/renderervk/tr_backend.c:471:16: error: member reference base type 'colorGen_t' is not a structure or union
  471 |                 c.rgba[0] = c.rgba[1] = c.rgba[2] = (backEnd.refdef.time & 255); // fade to white
      |                             ~^~~~~
code/renderervk/tr_backend.c:471:28: error: member reference base type 'colorGen_t' is not a structure or union
  471 |                 c.rgba[0] = c.rgba[1] = c.rgba[2] = (backEnd.refdef.time & 255); // fade to white
      |                                         ~^~~~~
code/renderervk/tr_backend.c:473:3: error: member reference base type 'colorGen_t' is not a structure or union
  473 |         c.rgba[3] = 255;
      |         ~^~~~~
fatal error: too many errors emitted, stopping now [-ferror-limit=]
2 warnings and 20 errors generated.
make[2]: *** [build/release-darwin-arm64-nosteam/rendv/tr_backend.o] Error 1
In file included from code/renderervk/tr_bsp.c:24:
code/renderervk/tr_local.h:95:9: warning: 'REFENTITYNUM_BITS' macro redefined [-Wmacro-redefined]
   95 | #define REFENTITYNUM_BITS       12      // as we actually using only 1 bit for dlight mask in opengl1 renderer
      |         ^
code/renderervk/../qcommon/../qcommon/../renderer/tr_types.h:35:9: note: previous definition is here
   35 | #define REFENTITYNUM_BITS       11              // can't be increased without changing drawsurf bit packing
      |         ^
In file included from code/renderervk/tr_bsp.c:24:
code/renderervk/tr_local.h:96:9: warning: 'REFENTITYNUM_MASK' macro redefined [-Wmacro-redefined]
   96 | #define REFENTITYNUM_MASK       ((1<<REFENTITYNUM_BITS) - 1)
      |         ^
code/renderervk/../qcommon/../qcommon/../renderer/tr_types.h:36:9: note: previous definition is here
   36 | #define REFENTITYNUM_MASK ((uint64_t)((1ull << REFENTITYNUM_BITS) - 1))
      |         ^
In file included from code/renderervk/tr_bsp.c:24:
code/renderervk/tr_local.h:362:2: error: unknown type name 'color4ub_t'; did you mean 'colorGen_t'?
  362 |         color4ub_t              constantColor;                  // for CGEN_CONST and AGEN_CONST
      |         ^~~~~~~~~~
      |         colorGen_t
code/renderervk/tr_local.h:246:3: note: 'colorGen_t' declared here
  246 | } colorGen_t;
      |   ^
code/renderervk/tr_local.h:611:2: error: unknown type name 'color4ub_t'; did you mean 'colorGen_t'?
  611 |         color4ub_t      colorInt;                               // in packed byte format
      |         ^~~~~~~~~~
      |         colorGen_t
code/renderervk/tr_local.h:246:3: note: 'colorGen_t' declared here
  246 | } colorGen_t;
      |   ^
code/renderervk/tr_local.h:1134:2: error: unknown type name 'color4ub_t'; did you mean 'colorGen_t'?
 1134 |         color4ub_t      color2D;
      |         ^~~~~~~~~~
      |         colorGen_t
code/renderervk/tr_local.h:246:3: note: 'colorGen_t' declared here
  246 | } colorGen_t;
      |   ^
REF_CC code/renderercommon/tr_font.c
code/renderervk/tr_local.h:1187:29: error: use of undeclared identifier 'MAX_VIDEO_HANDLES'
 1187 |         image_t                                 *scratchImage[ MAX_VIDEO_HANDLES ];
      |                                                                ^~~~~~~~~~~~~~~~~
code/renderervk/tr_local.h:1578:2: error: unknown type name 'color4ub_t'; did you mean 'colorGen_t'?
 1578 |         color4ub_t      colors[NUM_TEXTURE_BUNDLES][SHADER_MAX_VERTEXES]; // we need at least 2xSHADER_MAX_VERTEXES for shadows and normals
      |         ^~~~~~~~~~
      |         colorGen_t
code/renderervk/tr_local.h:246:3: note: 'colorGen_t' declared here
  246 | } colorGen_t;
      |   ^
code/renderervk/tr_local.h:1591:2: error: unknown type name 'color4ub_t'; did you mean 'colorGen_t'?
 1591 |         color4ub_t      vertexColors[SHADER_MAX_VERTEXES] QALIGN(16);
      |         ^~~~~~~~~~
      |         colorGen_t
code/renderervk/tr_local.h:246:3: note: 'colorGen_t' declared here
  246 | } colorGen_t;
      |   ^
code/renderervk/tr_local.h:1597:2: error: unknown type name 'color4ub_t'; did you mean 'colorGen_t'?
 1597 |         color4ub_t      constantColor255[SHADER_MAX_VERTEXES] QALIGN(16);
      |         ^~~~~~~~~~
      |         colorGen_t
code/renderervk/tr_local.h:246:3: note: 'colorGen_t' declared here
  246 | } colorGen_t;
      |   ^
code/renderervk/tr_local.h:1649:80: error: unknown type name 'color4ub_t'; did you mean 'colorGen_t'?
 1649 | void RB_AddQuadStamp( const vec3_t origin, const vec3_t left, const vec3_t up, color4ub_t color );
      |                                                                                ^~~~~~~~~~
      |                                                                                colorGen_t
code/renderervk/tr_local.h:246:3: note: 'colorGen_t' declared here
  246 | } colorGen_t;
      |   ^
code/renderervk/tr_local.h:1650:83: error: unknown type name 'color4ub_t'; did you mean 'colorGen_t'?
 1650 | void RB_AddQuadStampExt( const vec3_t origin, const vec3_t left, const vec3_t up, color4ub_t color, float s1, float t1, float s2, float t2 );
      |                                                                                   ^~~~~~~~~~
      |                                                                                   colorGen_t
code/renderervk/tr_local.h:246:3: note: 'colorGen_t' declared here
  246 | } colorGen_t;
      |   ^
code/renderervk/tr_local.h:1651:100: error: unknown type name 'color4ub_t'; did you mean 'colorGen_t'?
 1651 | void RB_AddQuadStamp2( float x, float y, float w, float h, float s1, float t1, float s2, float t2, color4ub_t color );
      |                                                                                                    ^~~~~~~~~~
      |                                                                                                    colorGen_t
code/renderervk/tr_local.h:246:3: note: 'colorGen_t' declared here
  246 | } colorGen_t;
      |   ^
code/renderervk/tr_local.h:1701:41: error: unknown type name 'color4ub_t'; did you mean 'colorGen_t'?
 1701 | void R_ComputeColors( const int bundle, color4ub_t *dest, const shaderStage_t *pStage );
      |                                         ^~~~~~~~~~
      |                                         colorGen_t
code/renderervk/tr_local.h:246:3: note: 'colorGen_t' declared here
  246 | } colorGen_t;
      |   ^
code/renderervk/tr_bsp.c:305:18: error: call to undeclared function 'log2pad'; ISO C99 and later do not support implicit function declarations [-Wimplicit-function-declaration]
  305 |         lightmapWidth = log2pad( LIGHTMAP_LEN, 1 );
      |                         ^
In file included from code/renderervk/tr_cmds.c:22:
code/renderervk/tr_local.h:95:9: warning: 'REFENTITYNUM_BITS' macro redefined [-Wmacro-redefined]
   95 | #define REFENTITYNUM_BITS       12      // as we actually using only 1 bit for dlight mask in opengl1 renderer
      |         ^
code/renderervk/../qcommon/../qcommon/../renderer/tr_types.h:35:9: note: previous definition is here
   35 | #define REFENTITYNUM_BITS       11              // can't be increased without changing drawsurf bit packing
      |         ^
In file included from code/renderervk/tr_cmds.c:22:
code/renderervk/tr_local.h:96:9: warning: 'REFENTITYNUM_MASK' macro redefined [-Wmacro-redefined]
   96 | #define REFENTITYNUM_MASK       ((1<<REFENTITYNUM_BITS) - 1)
      |         ^
code/renderervk/../qcommon/../qcommon/../renderer/tr_types.h:36:9: note: previous definition is here
   36 | #define REFENTITYNUM_MASK ((uint64_t)((1ull << REFENTITYNUM_BITS) - 1))
      |         ^
code/renderervk/tr_bsp.c:500:13: error: use of undeclared identifier 'VIS_HEADER'
  500 |         if ( len < VIS_HEADER ) {
      |                    ^~~~~~~~~~
In file included from code/renderervk/tr_cmds.c:22:
code/renderervk/tr_local.h:362:2: error: unknown type name 'color4ub_t'; did you mean 'colorGen_t'?
  362 |         color4ub_t              constantColor;                  // for CGEN_CONST and AGEN_CONST
      |         ^~~~~~~~~~
      |         colorGen_t
code/renderervk/tr_local.h:246:3: note: 'colorGen_t' declared here
  246 | } colorGen_t;
      |   ^
code/renderervk/tr_bsp.c:508:9: error: use of undeclared identifier 'VIS_HEADER'
  508 |         buf += VIS_HEADER;
      |                ^~~~~~~~~~
code/renderervk/tr_local.h:611:2: error: unknown type name 'color4ub_t'; did you mean 'colorGen_t'?
  611 |         color4ub_t      colorInt;                               // in code/renderervk/tr_bsp.c:509:9: packed byte formerror: use of undeclared identifier 'VIS_HEADER'
  509 |         len -= Vat
      |         ^~~~~~~~~~
      |         colorGen_t
code/renderervk/tr_local.h:246:3: note: 'colorGen_t' declared here
  246 | } colorGIS_HEADER;
      |                ^~~~~~~~~~en_t;
      |   ^

code/renderervk/tr_bsp.c:707:44: error: member reference base type 'const byte[4]' (aka 'const unsigned char[4]') is not a structure or union
  707 |                 R_ColorShiftLightingBytes( verts[i].color.rgba, (byte *)&cv->points[i][7], qtrue );
      |                                            ~~~~~~~~~~~~~~^~~~~
code/renderervk/tr_local.h:1134:2: error: unknown type name 'color4ub_t'; did you mean 'colorGen_t'?
 1134 |         color4ub_t      color2D;
      |         ^~~~~~~~~~
      |         colorGen_t
code/renderervk/tr_local.h:246:3: note: 'colorGen_t' declared here
  246 | } colorGen_t;
      |   ^
code/renderervk/tr_bsp.c:826:44: error: member reference base type 'const byte[4]' (aka 'const unsigned char[4]') is not a structure or union
  826 |                 R_ColorShiftLightingBytes( verts[i].color.rgba, points[i].color.rgba, qtrue );
      |                                            ~~~~~~~~~~~~~~^~~~~
code/renderervk/tr_bsp.c:826:66: error: member reference base type 'byte[4]' (aka 'unsigned char[4]') is not a structure or union
  826 |                 R_ColorShiftLightingBytes( verts[i].color.rgba, points[i].color.rgba, qtrue );
      |                                                                 ~~~~~~~~~~~~~~~^~~~~
In file included from code/renderervk/tr_curve.c:23:
code/renderervk/tr_local.h:95:9: warning: 'REFENTITYNUM_BITS' macro redefined [-Wmacro-redefined]
   95 | #define REFENTITYNUM_BITS       12      // as we actually using only 1 bit for dlight mask in opengl1 renderer
      |         ^
code/renderervk/../qcommon/../qcommon/../renderer/tr_types.h:35:9: note: previous definition is here
   35 | #define REFENTITYNUM_BITS       11              // can't be increased without changing drawsurf bit packing
      |         ^
In file included from code/renderervk/tr_curve.c:23:
code/renderervk/tr_local.h:96:9: warning: 'REFENTITYNUM_MASK' macro redefined [-Wmacro-redefined]
   96 | #define REFENTITYNUM_MASK       ((1<<REFENTITYNUM_BITS) - 1)
      |         ^
code/renderervk/../qcommon/../qcommon/../renderer/tr_types.h:36:9: note: previous definition is here
   36 | #define REFENTITYNUM_MASK ((uint64_t)((1ull << REFENTITYNUM_BITS) - 1))
      |         ^
code/renderervk/tr_bsp.c:899:44: error: member reference base type 'const byte[4]' (aka 'const unsigned char[4]') is not a structure or union
  899 |                 R_ColorShiftLightingBytes( verts[i].color.rgba, tri->verts[i].color.rgba, qtrue );
      |                                            ~~~~~~~~~~~~~~^~~~~
fatal error: too many errors emitted, stopping now [-ferror-limit=]
code/renderervk/tr_local.h:1187:29: error: use of undeclared identifier 'MAX_VIDEO_HANDLES'
 1187 |         image_t                                 *scratchImage[ MAX_VIDEO_HANDLES ];
      |                                                                ^~~~~~~~~~~~~~~~~
code/renderervk/tr_local.h:1578:2: error: unknown type name 'color4ub_t'; did you mean 'colorGen_t'?
 1578 |         color4ub_t      colors[NUM_TEXTURE_BUNDLES][SHADER_MAX_VERTEXES]; // we need at least 2xSHADER_MAX_VERTEXES for shadows and normals
      |         ^~~~~~~~~~
      |         colorGen_t
code/renderervk/tr_local.h:246:3: note: 'colorGen_t' declared here
  246 | } colorGen_t;
      |   ^
In file included from code/renderervk/tr_curve.c:23:
code/renderervk/tr_local.h:362:2: error: unknown type name 'color4ub_t'; did you mean 'colorGen_t'?
  362 |         color4ub_t              constantColor;                  // for CGEN_CONST and AGEN_CONST
      |         ^~~~~~~~~~
      |         colorGen_t
code/renderervk/tr_local.h:246:3: note: 'colorGen_t' declared here
  246 | } colorGen_t;
      |   ^
code/renderervk/tr_local.h:1591:2: error: unknown type name 'color4ub_t'; did you mean 'colorGen_t'?
 1591 |         color4ub_t      vertexColors[SHADER_MAX_VERTEXES] QALIGN(16);
      |         ^~~~~~~~~~
      |         colorGen_t
code/renderervk/tr_local.h:246:3: note: 'colorGen_t' declared here
  246 | } colorGen_t;
      |   ^
code/renderervk/tr_local.h:611:2: error: unknown type name 'color4ub_t'; did you mean 'colorGen_t'?
  611 |         color4ub_t      colorInt;                               // in packed byte format
      |         ^~~~~~~~~~
      |         colorGen_t
code/renderervk/tr_local.h:246:3: note: 'colorGen_t' declared here
  246 | } colorGen_t;
      |   ^
code/renderervk/tr_local.h:1597:2: error: unknown type name 'color4ub_t'; did you mean 'colorGen_t'?
 1597 |         color4ub_t      constantColor255[SHADER_MAX_VERTEXES] QALIGN(16);
      |         ^~~~~~~~~~
      |         colorGen_t
code/renderervk/tr_local.h:246:3: note: 'colorGen_t' declared here
  246 | } colorGen_t;
      |   ^
code/renderervk/tr_local.h:1134:2: error: unknown type name 'color4ub_t'; did you mean 'colorGen_t'?
 1134 |         color4ub_t      color2D;
      |         ^~~~~~~~~~
      |         colorGen_t
code/renderervk/tr_local.h:246:3: note: 'colorGen_t' declared here
  246 | } colorGen_t;
      |   ^
code/renderervk/tr_local.h:1649:80: error: unknown type name 'color4ub_t'; did you mean 'colorGen_t'?
 1649 | void RB_AddQuadStamp( const vec3_t origin, const vec3_t left, const vec3_t up, color4ub_t color );
      |                                                                                ^~~~~~~~~~
      |                                                                                colorGen_t
code/renderervk/tr_local.h:246:3: note: 'colorGen_t' declared here
  246 | } colorGen_t;
      |   ^
code/renderervk/tr_local.h:1650:83: error: unknown type name 'color4ub_t'; did you mean 'colorGen_t'?
 1650 | void RB_AddQuadStampExt( const vec3_t origin, const vec3_t left, const vec3_t up, color4ub_t color, float s1, float t1, float s2, float t2 );
      |                                                                                   ^~~~~~~~~~
      |                                                                                   colorGen_t
code/renderervk/tr_local.h:246:3: note: 'colorGen_t' declared here
  246 | } colorGen_t;
      |   ^
code/renderervk/tr_local.h:1187:29: error: use of undeclared identifier 'MAX_VIDEO_HANDLES'
 1187 |         image_t                                 *scratchImage[ MAX_VIDEO_HANDLES ];
      |                                                                ^~~~~~~~~~~~~~~~~
code/renderervk/tr_local.h:1651:100: error: unknown type name 'color4ub_t'; did you mean 'colorGen_t'?
 1651 | void RB_AddQuadStamp2( float x, float y, float w, float h, float s1, float t1, float s2, float t2, color4ub_t color );
      |                                                                                                    ^~~~~~~~~~
      |                                                                                                    colorGen_t
code/renderervk/tr_local.h:246:3: note: 'colorGen_t' declared here
  246 | } colorGen_t;
      |   ^
2 warnings and 20 errors generated.
code/renderervk/tr_local.h:1701:41: error: unknown type name 'color4ub_t'; did you mean 'colorGen_t'?
 1701 | void R_ComputeColors( const int bundle, color4ub_t *dest, const shaderStage_t *pStage );
      |                                         ^~~~~~~~~~
      |                                         colorGen_t
code/renderervk/tr_local.h:246:3: note: 'colorGen_t' declared here
  246 | } colorGen_t;
      |   ^
make[2]: *** [build/release-darwin-arm64-nosteam/rendv/tr_bsp.o] Error 1
code/renderervk/tr_local.h:1578:2: error: unknown type name 'color4ub_t'; did you mean 'colorGen_t'?
 1578 |         color4ub_t      colors[NUM_TEXTURE_BUNDLES][SHADER_MAX_VERTEXES]; // we need at least 2xSHADER_MAX_VERTEXES for shadows and normals
      |         ^~~~~~~~~~
      |         colorGen_t
code/renderervk/tr_local.h:246:3: note: 'colorGen_t' declared here
  246 | } colorGen_t;
      |   ^
code/renderervk/tr_cmds.c:305:17: error: member reference base type 'colorGen_t' is not a structure or union
  305 |         backEnd.color2D.u32 = ~0U;
      |         ~~~~~~~~~~~~~~~^~~~
code/renderervk/tr_local.h:1591:2: error: unknown type name 'color4ub_t'; did you mean 'colorGen_t'?
 1591 |         color4ub_t      vertexColors[SHADER_MAX_VERTEXES] QALIGN(16);
      |         ^~~~~~~~~~
      |         colorGen_t
code/renderervk/tr_local.h:246:3: note: 'colorGen_t' declared here
  246 | } colorGcode/renderervk/tr_cmds.c:401:27: en_t;
      |   ^
error: use of undeclared identifier 'CVG_RENDERER'; did you mean 'TAG_RENDERER'?
  401 |         if ( ri.Cvar_CheckGroup( CVG_RENDERER ) ) {
      |                                  ^~~~~~~~~~~~
      |                                  TAG_RENDERER
code/renderervk/../qcommon/qcommon.h:950:2: note: 'TAG_RENDERER' declared here
  950 |         TAG_RENDERER,
      |         ^
code/renderervk/tr_local.h:1597:2: error: unknown type name 'color4ub_t'; did you mean 'colorGen_t'?
 1597 |         color4ub_t      constantColor255[SHADER_MAX_VERTEXES] QALIGN(16);
      |         ^~~~~~~~~~
      |         colorGen_t
code/renderervk/tr_local.h:246:3: note: 'colorGen_t' declared here
  246 | } colorGen_t;
      |   ^
code/renderervk/tr_cmds.c:417:23: error: use of undeclared identifier 'CVG_RENDERER'; did you mean 'TAG_RENDERER'?
  417 |                 ri.Cvar_ResetGroup( CVG_RENDERER, qtrue /* reset modified flags */ );
      |                                     ^~~~~~~~~~~~
      |                                     TAG_RENDERER
code/renderervk/../qcommon/qcommon.h:950:2: note: 'TAG_RENDERER' declared here
  950 |         TAG_RENDERER,
      |         ^
2 warnings and 14 errors generated.
code/renderervk/tr_local.h:1649:80: error: unknown type name 'color4ub_t'; did you mean 'colorGen_t'?
 1649 | void RB_AddQuadStamp( const vec3_t origin, const vec3_t left, const vec3_t up, color4ub_t color );
      |                                                                                ^~~~~~~~~~
      |                                                                                colorGen_t
code/renderervk/tr_local.h:246:3: note: 'colorGen_t' declared here
  246 | } colorGen_t;
      |   ^
make[2]: *** [build/release-darwin-arm64-nosteam/rendv/tr_cmds.o] Error 1
code/renderervk/tr_local.h:1650:83: error: unknown type name 'color4ub_t'; did you mean 'colorGen_t'?
 1650 | void RB_AddQuadStampExcode/renderercommon/tr_font.c:344:2: error: use of undeclared identifier 'image_t'
  344 |         image_t *image;
      |         ^~~~~~~
t( const vec3_t origin, const vec3_t left, const vec3_t up, color4ub_t color, float s1, float t1, float s2, float t2 );
      |                                                                                   ^~~~~~~~~~
      |                                                                                   colorGen_t
code/renderervk/tr_local.h:246:3: note: 'colorGen_t' declared here
code/renderercommon/tr_font.c:344:11:   246 | } error: cuse of undeclared identifier 'image'
  344 | ol        image_t *image;
      |                  ^~~~~
orGen_t;
      REF_CC code/renderervk/tr_image.c
|   ^
code/renderervk/tr_local.h:1651:100: error: unknown type name 'color4ub_t'; did you mean 'colorGen_t'?
 1651 | void RB_AddQuadStamp2( float x, float y, float w, float h, float s1, float t1, float s2, float t2, color4ub_t color );
      |                                                                                                    ^~~~~~~~~~
      |                                                                                                    colorGen_t
code/renderervk/tr_local.h:246:3: note: 'colorGen_t' declared here
  246 | } colorGen_t;
      |   ^
code/renderervk/tr_local.h:1701:41: error: unknown type name 'color4ub_t'; did you mean 'colorGen_t'?
 1701 | void R_ComputeColors( const int bundlcode/renderercommon/tr_font.c:500:8: e, color4ub_t *dest, conerror: use of undeclared identifier 'r_saveFontData'
  500 |                         if (r_saveFontData->integer) { 
      |                             ^~~~~~~~~~~~~~
st shaderStage_t *pScode/renderercommon/tr_font.c:505:4: error: use of undeclared identifier 'image'
  505 |                         image = R_CreateImage(name, NULL, imageBuff, 256, 256, IMGFLAG_CLAMPTOEDGE );
      |                         ^~~~~
tREF_CC code/renderercommon/tr_image_bmp.c
age );
      |                                         ^~~~~~~~~~
      |                                         colorGen_t
code/renderervk/tr_local.h:246:3: note: 'colorGen_t' declared here
  246 | } colorGen_t;
      |   ^
code/renderervk/tr_curve.c:57:12: error: member reference base type 'byte[4]' (aka 'unsigned char[4]') is not a structure or union
   57 |         out->color.rgba[0] = (a->color.rgba[0] + b->color.rgba[0]) >> 1;
      |         ~~~~~~~~~~^~~~~
code/renderervk/tr_curve.c:57:32: error: member reference base type 'byte[4]' (aka 'unsigned char[4]') is not a structure or union
   57 |         out->color.rgba[0] = (a->color.rgba[0] + b->color.rgba[0]) >> 1;
      |                               ~~~~~~~~^~~~~
code/renderervk/tr_curve.c:57:51: error: member reference base type 'byte[4]' (aka 'unsigned char[4]') is not a structure or union
   57 |         out->color.rgba[0] = (a->color.rgba[0] + b->color.rgba[0]) >> 1;
      |                                                  ~~~~~~~~^~~~~
code/renderervk/tr_curve.c:58:12: error: member reference base type 'byte[4]' (aka 'unsigned char[4]') is not a structure or union
   58 |         out->color.rgba[1] = (a->color.rgba[1] + b->color.rgba[1]) >> 1;
      |         ~~~~~~~~~~^~~~~
code/renderervk/tr_curve.c:58:32: error: member reference base type 'byte[4]' (aka 'unsigned char[4]') is not a structure or union
   58 |         out->color.rgba[1] = (a->color.rgba[1] + b->color.rgba[1]) >> 1;
      |                               ~~~~~~~~^~~~~
code/renderervk/tr_curve.c:58:51: error: member reference base type 'byte[4]' (aka 'unsigned char[4]') is not a structure or union
   58 |         out->color.rgba[1] = (a->color.rgba[1] + b->color.rgba[1]) >> 1;
      |                                                  ~~~~~~~~^~~~~
code/renderervk/tr_curve.c:59:12: error: member reference base type 'byte[4]' (aka 'unsigned char[4]') is not a structure or union
   59 |         out->color.rgba[2] = (a->color.rgba[2] + b->color.rgba[2]) >> 1;
      | code/renderercommon/tr_font.c        ~~~~~~~~~~^~~~~:
505:12: error: call to undeclared function 'R_CreateImage'; ISO C99 and later do not support implicit function declarations [-Wimplicit-function-declaration]
code/renderervk/tr_curve.c:59  :50532 | :                 error:         member reference base type 'byte[4]' (aka 'unsigned char[4]') is not a structure or unioni
m   59 |         out->colorage = R.rgba[2] = (a->color.rgba[2] + b->color.rgba[2]) >> 1;
      |                               ~~~~~~~~^~~~~
fatal error: too many errors emitted, stopping now [-ferror-limit=]
_CreateImage(name, NULL, imageBuff, 256, 256, IMGFLAG_CLAMPTOEDGE );
      |                                 ^
code/renderercommon/tr_font.c:505:12: note: did you mean 'vkCreateImage'?
code/renderercommon/../renderercommon/vulkan/vulkan_core.h:4205:32: note: 'vkCreateImage' declared here
 4205 | VKAPI_ATTR VkResult VKAPI_CALL vkCreateImage(
      |                                ^
2 warnings and 20 errors generated.
make[2]: *** [build/release-darwin-arm64-nosteam/rendv/tr_curve.o] Error 1
code/renderercommon/tr_font.c:505:59: error: use of undeclared identifier 'IMGFLAG_CLAMPTOEDGE'
  505 |                         image = R_CreateImage(name, NULL, imageBuff, 256, 256, IMGFLAG_CLAMPTOEDGE );
      |                                                                                ^~~~~~~~~~~~~~~~~~~
REF_CC code/renderercommon/tr_image_jpg.c
code/renderercommon/tr_font.c:506:8: error: call to undeclared function 'RE_RegisterShaderFromImage'; ISO C99 and later do not support implicit function declarations [-Wimplicit-function-declaration]
  506 |                         h = RE_RegisterShaderFromImage(name, LIGHTMAP_2D, image, qfalse);
      |                             ^
code/renderercommon/tr_font.c:506:8: note: did you mean 'RE_RegisterShaderNoMip'?
code/renderercommon/tr_font.c:76:18: note: 'RE_RegisterShaderNoMip' declared here
   76 | extern qhandle_t RE_RegisterShaderNoMip( const char *name );
      |                  ^
code/renderercommon/tr_font.c:506:41: error: use of undeclared identifier 'LIGHTMAP_2D'
  506 |                         h = RE_RegisterShaderFromImage(name, LIGHTMAP_2D, image, qfalse);
      |                                                              ^~~~~~~~~~~
code/renderercommon/tr_font.c:506:54: error: use of undeclared identifier 'image'
  506 |                         h = RE_RegisterShaderFromImage(name, LIGHTMAP_2D, image, qfalse);
      |                                                                           ^~~~~
code/renderercommon/tr_font.c:534:6: error: use of undeclared identifier 'r_saveFontData'
  534 |         if (r_saveFontData->integer) {
      |             ^~~~~~~~~~~~~~
10 errors generated.
make[2]: *** [build/release-darwin-arm64-nosteam/rendv/tr_font.o] Error 1
REF_CC code/renderercommon/tr_image_pcx.c
In file included from code/renderervk/tr_image.c:23:
code/renderervk/tr_local.h:95:9: warning: 'REFENTITYNUM_BITS' macro redefined [-Wmacro-redefined]
   95 | #define REFENTITYNUM_BITS       12      // as we actually using only 1 bit for dlight mask in opengl1 renderer
      |         ^
code/renderervk/../qcommon/../qcommon/../renderer/tr_types.h:35:9: note: previous definition is here
   35 | #define REFENTITYNUM_BITS       11              // can't be increased without changing drawsurf bit packing
      |         ^
In file included from code/renderervk/tr_image.c:23:
code/renderervk/tr_local.h:96:9: warning: 'REFENTITYNUM_MASK' macro redefined [-Wmacro-redefined]
   96 | #define REFENTITYNUM_MASK       ((1<<REFENTITYNUM_BITS) - 1)
      |         ^
code/renderervk/../qcommon/../qcommon/../renderer/tr_types.h:36:9: note: previous definition is here
   36 | #define REFENTITYNUM_MASK ((uint64_t)((1ull << REFENTITYNUM_BITS) - 1))
      |         ^
In file included from code/renderervk/tr_image.c:23:
code/renderervk/tr_local.h:362:2: error: unknown type name 'color4ub_t'; did you mean 'colorGen_t'?
  362 |         color4ub_t              constantColor;                  // for CGEN_CONST and AGEN_CONST
      |         ^~~~~~~~~~
      |         colorGen_t
code/renderervk/tr_local.h:246:3: note: 'colorGen_t' declared here
  246 | } colorGen_t;
      |   ^
code/renderervk/tr_local.h:611:2: error: unknown type name 'color4ub_t'; did you mean 'colorGen_t'?
  611 |         color4ub_t      colorInt;                               // in packed byte format
      |         ^~~~~~~~~~
      |         colorGen_t
code/renderervk/tr_local.h:246:3: note: 'colorGen_t' declared here
  246 | } colorGen_t;
      |   ^
code/renderervk/tr_local.h:1134:2: error: unknown type name 'color4ub_t'; did you mean 'colorGen_t'?
 1134 |         color4ub_t      color2D;
      |         ^~~~~~~~~~
      |         colorGen_t
code/renderervk/tr_local.h:246:3: note: 'colorGen_t' declared here
  246 | } colorGen_t;
      |   ^
code/renderervk/tr_local.h:1187:29: error: use of undeclared identifier 'MAX_VIDEO_HANDLES'
 1187 |         image_t                                 *scratchImage[ MAX_VIDEO_HANDLES ];
      |                                                                ^~~~~~~~~~~~~~~~~
code/renderervk/tr_local.h:1578:2: error: unknown type name 'color4ub_t'; did you mean 'colorGen_t'?
 1578 |         color4ub_t      colors[NUM_TEXTURE_BUNDLES][SHADER_MAX_VERTEXES]; // we need at least 2xSHADER_MAX_VERTEXES for shadows and normals
      |         ^~~~~~~~~~
      |         colorGen_t
code/renderervk/tr_local.h:246:3: note: 'colorGen_t' declared here
  246 | } colorGen_t;
      |   ^
code/renderervk/tr_local.h:1591:2: error: unknown type name 'color4ub_t'; did you mean 'colorGen_t'?
 1591 |         color4ub_t      vertexColors[SHADER_MAX_VERTEXES] QALIGN(16);
      |         ^~~~~~~~~~
      |         colorGen_t
code/renderervk/tr_local.h:246:3: note: 'colorGen_t' declared here
  246 | } colorGen_t;
      |   ^
code/renderervk/tr_local.h:1597:2: error: unknown type name 'color4ub_t'; did you mean 'colorGen_t'?
 1597 |         color4ub_t      constantColor255[SHADER_MAX_VERTEXES] QALIGN(16);
      |         ^~~~~~~~~~
      |         colorGen_t
code/renderervk/tr_local.h:246:3: note: 'colorGen_t' declared here
  246 | } colorGen_t;
      |   ^
code/renderervk/tr_local.h:1649:80: error: unknown type name 'color4ub_t'; did you mean 'colorGen_t'?
 1649 | void RB_AddQuadStamp( const vec3_t origin, const vec3_t left, const vec3_t up, color4ub_t color );
      |                                                                                ^~~~~~~~~~
      |                                                                                colorGen_t
code/renderervk/tr_local.h:246:3: note: 'colorGen_t' declared here
  246 | } colorGen_t;
      |   ^
code/renderervk/tr_local.h:1650:83: error: unknown type name 'color4ub_t'; did you mean 'colorGen_t'?
 1650 | void RB_AddQuadStampExt( const vec3_t origin, const vec3_t left, const vec3_t up, color4ub_t color, float s1, float t1, float s2, float t2 );
      |                                                                                   ^~~~~~~~~~
      |                                                                                   colorGen_t
code/renderervk/tr_local.h:246:3: note: 'colorGen_t' declared here
  246 | } colorGen_t;
      |   ^
code/renderervk/tr_local.h:1651:100: error: unknown type name 'color4ub_t'; did you mean 'colorGen_t'?
 1651 | void RB_AddQuadStamp2( float x, float y, float w, float h, float s1, float t1, float s2, float t2, color4ub_t color );
      |                                                                                                    ^~~~~~~~~~
      |                                                                                                    colorGen_t
code/renderervk/tr_local.h:246:3: note: 'colorGen_t' declared here
  246 | } colorGen_t;
      |   ^
code/renderervk/tr_local.h:1701:41: error: unknown type name 'color4ub_t'; did you mean 'colorGen_t'?
 1701 | void R_ComputeColors( const int bundle, color4ub_t *dest, const shaderStage_t *pStage );
      |                                         ^~~~~~~~~~
      |                                         colorGen_t
code/renderervk/tr_local.h:246:3: note: 'colorGen_t' declared here
  246 | } colorGen_t;
      |   ^
code/renderervk/tr_image.c:1050:9: error: call to undeclared function 'Com_GenerateHashValue'; ISO C99 and later do not support implicit function declarations [-Wimplicit-function-declaration]
 1050 |         hash = generateHashValue( name );
      |                ^
code/renderervk/tr_image.c:43:34: note: expanded from macro 'generateHashValue'
   43 | #define generateHashValue(fname) Com_GenerateHashValue((fname),FILE_HASH_SIZE)
      |                                  ^
code/renderervk/tr_image.c:1270:9: error: call to undeclared function 'Com_GenerateHashValue'; ISO C99 and later do not support implicit function declarations [-Wimplicit-function-declaration]
 1270 |         hash = generateHashValue( name );
      |                ^
code/renderervk/tr_image.c:43:34: note: expanded from macro 'generateHashValue'
   43 | #define generateHashValue(fname) Com_GenerateHashValue((fname),FILE_HASH_SIZE)
      |                                  ^
2 warnings and 13 errors generated.
make[2]: *** [build/release-darwin-arm64-nosteam/rendv/tr_image.o] Error 1
REF_CC code/renderercommon/tr_image_png.c
REF_CC code/renderercommon/tr_image_tga.c
REF_CC code/renderervk/tr_init.c
REF_CC code/renderervk/tr_light.c
REF_CC code/renderervk/tr_main.c
In file included from code/renderervk/tr_init.c:24:
code/renderervk/tr_local.h:95:9: warning: 'REFENTITYNUM_BITS' macro redefined [-Wmacro-redefined]
   95 | #define REFENTITYNUM_BITS       12      // as we actually using only 1 bit for dlight mask in opengl1 renderer
      |         ^
code/renderervk/../qcommon/../qcommon/../renderer/tr_types.h:35:9: note: previous definition is here
   35 | #define REFENTITYNUM_BITS       11              // can't be increased without changing drawsurf bit packing
      |         ^
In file included from code/renderervk/tr_init.c:24:
code/renderervk/tr_local.h:96:9: warning: 'REFENTITYNUM_MASK' macro redefined [-Wmacro-redefined]
   96 | #define REFENTITYNUM_MASK       ((1<<REFENTITYNUM_BITS) - 1)
      |         ^
code/renderervk/../qcommon/../qcommon/../renderer/tr_types.h:36:9: note: previous definition is here
   36 | #define REFENTITYNUM_MASK ((uint64_t)((1ull << REFENTITYNUM_BITS) - 1))
      |         ^
In file included from code/renderervk/tr_init.c:24:
code/renderervk/tr_local.h:362:2: error: unknown type name 'color4ub_t'; did you mean 'colorGen_t'?
  362 |         color4ub_t              constantColor;                  // for CGEN_CONST and AGEN_CONST
      |         ^~~~~~~~~~
      |         colorGen_t
code/renderervk/tr_local.h:246:3: note: 'colorGen_t' declared here
  246 | } colorGen_t;
      |   ^
code/renderervk/tr_local.h:611:2: error: unknown type name 'color4ub_t'; did you mean 'colorGen_t'?
  611 |         color4ub_t      colorInt;                               // in packed byte format
      |         ^~~~~~~~~~
      |         colorGen_t
code/renderervk/tr_local.h:246:3: note: 'colorGen_t' declared here
  246 | } colorGen_t;
      |   ^
code/renderervk/tr_local.h:1134:2: error: unknown type name 'color4ub_t'; did you mean 'colorGen_t'?
 1134 |         color4ub_t      color2D;
      |         ^~~~~~~~~~
      |         colorGen_t
code/renderervk/tr_local.h:246:3: note: 'colorGen_t' declared here
  246 | } colorGen_t;
      |   ^
code/renderervk/tr_local.h:1187:29: error: use of undeclared identifier 'MAX_VIDEO_HANDLES'
 1187 |         image_t                                 *scratchImage[ MAX_VIDEO_HANDLES ];
      |                                                                ^~~~~~~~~~~~~~~~~
code/renderervk/tr_local.h:1578:2: error: unknown type name 'color4ub_t'; did you mean 'colorGen_t'?
 1578 |         color4ub_t      colors[NUM_TEXTURE_BUNDLES][SHADER_MAX_VERTEXES]; // we need at least 2xSHADER_MAX_VERTEXES for shadows and normals
      |         ^~~~~~~~~~
      |         colorGen_t
code/renderervk/tr_local.h:246:3: note: 'colorGen_t' declared here
  246 | } colorGen_t;
      |   ^
code/renderervk/tr_local.h:1591:2: error: unknown type name 'color4ub_t'; did you mean 'colorGen_t'?
 1591 |         color4ub_t      vertexColors[SHADER_MAX_VERTEXES] QALIGN(16);
      |         ^~~~~~~~~~
      |         colorGen_t
code/renderervk/tr_local.h:246:3: note: 'colorGen_t' declared here
  246 | } colorGen_t;
      |   ^
code/renderervk/tr_local.h:1597:2: error: unknown type name 'color4ub_t'; did you mean 'colorGen_t'?
 1597 |         color4ub_t      constantColor255[SHADER_MAX_VERTEXES] QALIGN(16);
      |         ^~~~~~~~~~
      |         colorGen_t
code/renderervk/tr_local.h:246:3: note: 'colorGen_t' declared here
  246 | } colorGen_t;
      |   ^
code/renderervk/tr_local.h:1649:80: error: unknown type name 'color4ub_t'; did you mean 'colorGen_t'?
 1649 | void RB_AddQuadStamp( const vec3_t origin, const vec3_t left, const vec3_t up, color4ub_t color );
      |                                                                                ^~~~~~~~~~
      |                                                                                colorGen_t
code/renderervk/tr_local.h:246:3: note: 'colorGen_t' declared here
  246 | } colorGen_t;
      |   ^
code/renderervk/tr_local.h:1650:83: error: unknown type name 'color4ub_t'; did you mean 'colorGen_t'?
 1650 | void RB_AddQuadStampExt( const vec3_t origin, const vec3_t left, const vec3_t up, color4ub_t color, float s1, float t1, float s2, float t2 );
      |                                                                                   ^~~~~~~~~~
      |                                                                                   colorGen_t
code/renderervk/tr_local.h:246:3: note: 'colorGen_t' declared here
  246 | } colorGen_t;
      |   ^
code/renderervk/tr_local.h:1651:100: error: unknown type name 'color4ub_t'; did you mean 'colorGen_t'?
 1651 | void RB_AddQuadStamp2( float x, float y, float w, float h, float s1, float t1, float s2, float t2, color4ub_t color );
      |                                                                                                    ^~~~~~~~~~
      |                                                                                                    colorGen_t
code/renderervk/tr_local.h:246:3: note: 'colorGen_t' declared here
  246 | } colorGen_t;
      |   ^
code/renderervk/tr_local.h:1701:41: error: unknown type name 'color4ub_t'; did you mean 'colorGen_t'?
 1701 | void R_ComputeColors( const int bundle, color4ub_t *dest, const shaderStage_t *pStage );
      |                                         ^~~~~~~~~~
      |                                         colorGen_t
code/renderervk/tr_local.h:246:3: note: 'colorGen_t' declared here
  246 | } colorGen_t;
      |   ^
code/renderervk/tr_init.c:255:12: error: conflicting types for 'Com_Error'
  255 | void QDECL Com_Error( errorParm_t code, const char *fmt, ... )
      |            ^
code/renderervk/../qcommon/qcommon.h:874:14: note: previous declaration is here
  874 | void            QDECL Com_Error( int code, const char *fmt, ... ) __attribute__ ((noreturn, format(printf, 2, 3)));
      |                       ^
code/renderervk/tr_init.c:1510:59: error: use of undeclared identifier 'CVAR_ARCHIVE_ND'
 1510 |         r_overBrightBits = ri.Cvar_Get( "r_overBrightBits", "1", CVAR_ARCHIVE_ND | CVAR_LATCH );
      |                                                                  ^~~~~~~~~~~~~~~
code/renderervk/tr_init.c:1512:65: error: use of undeclared identifier 'CVAR_ARCHIVE_ND'
 1512 |         r_mapOverBrightBits = ri.Cvar_Get( "r_mapOverBrightBits", "2", CVAR_ARCHIVE_ND | CVAR_LATCH );
      |                                                                        ^~~~~~~~~~~~~~~
In file included from code/renderervk/tr_main.c:24:
code/renderervk/tr_local.h:95:9: warning: 'REFENTITYNUM_BITS' macro redefined [-Wmacro-redefined]
   95 | #define REFENTITYNUM_BITS       12      // as we actually using only 1 bit for dlight mask in opengl1 renderer
      |         ^
code/renderervk/../qcommon/../qcommon/../renderer/tr_types.h:35:9: note: previous definition is here
   35 | #define REFENTITYNUM_BITS       11              // can't be increased without changing drawsurf bit packing
      |         ^
In file included from code/renderervk/tr_main.c:24:
code/renderervk/tr_local.h:96:9: warning: 'REFENTITYNUM_MASK' macro redefined [-Wmacro-redefined]
   96 | #define REFENTITYNUM_MASK       ((1<<REFENTITYNUM_BITS) - 1)
      |         ^
code/renderervk/../qcommon/../qcommon/../renderer/tr_types.h:36:9: note: previous definition is here
   36 | #define REFENTITYNUM_MASK ((uint64_t)((1ull << REFENTITYNUM_BITS) - 1))
      |         ^
code/renderervk/tr_init.c:1514:49: error: use of undeclared identifier 'CVAR_ARCHIVE_ND'
 1514 |         r_intensity = ri.Cvar_Get( "r_intensity", "1", CVAR_ARCHIVE_ND | CVAR_LATCH );
      |                                                        ^~~~~~~~~~~~~~~
REF_CC code/renderervk/tr_marks.c
code/renderervk/tr_init.c:1515:47: error: use of undeclared identifier 'CV_FLOAT'
 1515 |         ri.Cvar_CheckRange( r_intensity, "1", "255", CV_FLOAT );
      |                                                      ^~~~~~~~
In file included from code/renderervk/tr_light.c:24:
code/renderervk/tr_local.h:95:9: warning: 'REFENTITYNUM_BITS' macro redefined [-Wmacro-redefined]
   95 | #define REFENTITYNUM_BITS       12      // as we actually using only 1 bit for dlight mask in opengl1 renderer
      |         ^
code/renderervk/../qcommon/../qcommon/../renderer/tr_types.h:35:9: note: previous definition is here
   35 | #define REFENTITYNUM_BITS       11              // can't be increased without changing drawsurf bit packing
      |         ^In file included from code/renderervk/tr_main.c:24:
code/renderervk/tr_local.h:362:2: error: unknown type name 'color4ub_t'; did you mean 'colorGen_t'?
  362 |         color4ub_t              constantColor;                  // for CGEN_CONST and AGEN_CONST
      |         ^~~~~~~~~~
      |         colorGen_t
code/renderervk/tr_local.h:246:3: note: 'colorGen_t' declared here
  246 | } colorGen_t;
      |   ^

In file included from code/renderervk/tr_light.c:24:
code/renderervk/tr_local.h:96:9: warning: 'REFENTITYNUM_MASK' macro redefined [-Wmacro-redefined]
   96 | #define REFENTITYNUM_MASK       ((1<<REFENTITYNUM_BITS) - 1)
      |         ^
code/renderervk/../qcommon/../qcommon/../renderer/tr_types.h:36:9: note: previous definition is here
   36 | #define REFENTITYNUM_MASK ((uint64_t)((1ull << REFENTITYNUM_BITS) - 1))
      |         ^
code/renderervk/tr_local.h:611:2: error: unknown type name 'color4ub_t'; did you mean 'colorGen_t'?
  611 |         color4ub_t      colorInt;                               // iIn file included from code/renderervk/tr_light.c:24:
code/renderervk/tr_local.h:362:2: error: unknown type name 'color4ub_t'; did you mean 'colorGen_t'?
  362 |         color4ub_t              constantColor;                  // for CGEN_CONST and AGEN_CONST
      |         ^~~~~~~~~~
      |         colorGen_t
code/renderervk/tr_local.h:246:3: note: 'colorGen_t' declared here
  246 | } colorGen_t;
      |   ^
code/renderervk/tr_init.c:1519:54: error: use of undeclared identifier 'CVAR_ARCHIVE_ND'
 1519 |         r_defaultImage = ri.Cvar_Get( "r_defaultImage", "", CVAR_ARCHIVE_ND | CVAR_LATCH );
      |                                                             ^~~~~~~~~~~~~~~
n packed byte format
      |         ^~~~~~~~~~
      |         colorGen_t
code/renderervk/tr_local.h:246:3: note: 'colorGen_t' declared here
  246 | } colorGen_t;
      |   ^
code/renderervk/tr_local.h:611:2: error: unknown type name 'color4ub_t'; did you mean 'colorGen_t'?
  611 |         color4ub_t      colorInt;                               // in packed byte format
      |         ^~~~~~~~~~
      |         colorGen_t
code/renderervk/tr_local.h:246:3: note: 'colorGen_t' declared here
  246 | } colorGen_t;
      |   ^
code/renderervk/tr_local.h:1134:2: error: unknown type name 'color4ub_t'; did you mean 'colorGen_t'?
 1134 |         color4ub_t      color2D;
      |         ^~~~~~~~~~
      |         colorGen_t
code/renderervk/tr_local.h:246:3: note: 'colorGen_t' declared here
  246 | } colorGen_t;
      |   ^
code/renderervk/tr_local.h:1134:2: error: unknown type name 'color4ub_t'; did you mean 'colorGen_t'?
 1134 |         color4ub_t      color2D;
      |         ^~~~~~~~~~
      |         colorGen_t
code/renderervk/tr_local.h:246:3: note: 'colorGen_t' declared here
  246 | } colorGen_t;
      |   ^
code/renderervk/tr_init.c:1522:57: error: use of undeclared identifier 'CVAR_ARCHIVE_ND'
 1522 |         r_simpleMipMaps = ri.Cvar_Get( "r_simpleMipMaps", "1", CVAR_ARCHIVE_ND | CVAR_LATCH );
      |                                                                ^~~~~~~~~~~~~~~
REF_CC code/renderervk/tr_mesh.c
code/renderervk/tr_local.h:1187:29: error: use of undeclared identifier 'MAX_VIDEO_HANDLES'
 1187 |         image_t                                 *scratchImage[ MAX_VIDEO_HANDLES ];
      |                                                                ^~~~~~~~~~~~~~~~~
code/renderervk/tr_local.h:1187:29: error: use of undeclared identifier 'MAX_VIDEO_HANDLES'
 1187 |         image_t                                 *scratchImage[ MAXcode/renderervk/tr_init.c_:V1528I:D43E:O_HANDLES ];
      |                                                                ^~~~~~~~~~~~~~~~~
 error: use of undeclared identifier 'CV_INTEGER'
 1528 |         ri.Cvar_CheckRange( r_picmip, "0", "16", CV_INTEGER );
      |                                                  ^~~~~~~~~~
code/renderervk/tr_local.h:1578:2: error: unknown type name 'color4ub_t'; did you mean 'colorGen_t'?
 1578 |         color4ub_t      colors[NUM_TEXTURE_BUNDLES][SHADER_MAX_VERTEXES]; // we need at least 2xSHADER_MAXfatal error: too many errors emitted, stopping now [-ferror-limit=]
_VERTEXES for shadows and normals
      |         ^~~~~~~~~~
      |         colorGen_t
code/renderervk/tr_local.h:246:3: note: 'colorGen_t' declared here
  246 | } colorGen_t;
      |   ^
code/renderervk/tr_local.h:1578:2: error: unknown type name 'color4ub_t'; did you mean 'colorGen_t'?
 1578 |         color4ub_t      colors[NUM_TEXTURE_BUNDLES][SHADER_MAX_VERTEXES]; // we need at least 2xSHADER_MAX_VERTEXES for shadows acode/renderervk/tr_local.h:1591:2: error: unknown type name 'color4ub_t'; did you mean 'colorGen_t'?
 1591 |         color4ub_t      vertexColors[SHADER_Mnd normals
      |         ^~~~~~~~~~
      |         colorGen_t
code/renderervk/tr_local.h:246:3: note: 'colorGen_t' declared here
A  246 | } cX_VERTEXES] QALIGN(16);
      |         ^~~~~~~~~~
      |         colorGen_t
code/renderervk/tr_local.h:246:3: olorGen_t;
      |   ^
note: 'colorGen_t' declared here
  246 | } co2 warnings and 20 errors generated.
lorGen_t;
      |   ^
code/renderervk/tr_local.h:1591:2: error: unknown type name 'color4ub_t'; did you mean 'colorGen_t'?
 1591 |         color4ub_t      vertexColors[SHADER_MAX_VERTEXES] QALIGN(16);
      |         ^~~~~~~~~~
      |         colorGen_t
code/renderervk/tr_local.h:246:3: note: 'colorGen_t' declared here
  246 | } colorGen_t;
      |   ^
code/renderervk/tr_local.h:1597:2: error: unknown type name 'color4ub_t'; did you mean 'colorGen_t'?
 1597 |         color4ub_t      constantColor255[SHADER_MAX_VERTEXES] QALIGN(16);
      |         ^~~~~~~~~~
      |         colorGen_t
code/renderervk/tr_local.h:246:3: note: 'colorGen_t' declared here
  246 | } colorGen_t;
      |   ^
make[2]: *** [build/release-darwin-arm64-nosteam/rendv/tr_init.o] Error 1
code/renderervk/tr_local.h:1649:80: error: unknown type name 'color4ub_t'; did you mean 'colorGen_t'?
 1649 | void RB_AddQuadStamp( const vec3_t origin, const vec3_t left, const vec3_t up, color4ub_t color );
      |                                                                                ^~~~~~~~~~
      |                                                                                colorGen_t
code/renderervk/tr_local.h:246:3: note: 'colorGen_t' declared here
  246 | } colorGen_t;
      |   ^
code/renderervk/tr_local.h:1650:83: error: unknown type name 'color4ub_t'; did you mean 'colorGen_t'?
 1650 | void RB_AddQuadStampExt( const vec3_t origin, const vec3_t left, const vec3_t up, color4ub_t color, float s1, float t1, floacode/renderervk/tr_local.h:1597:2: error: unknown type name 'color4ub_t'; did you mean 'colorGen_t'?
 1597 |         color4ub_t      constantColor255[SHADER_MAX_VERTEXES] QALIGN(16);
      |         ^~~~~~~~~~
      |         colorGen_t
code/renderervk/tr_local.h:246:3:t s2, floa note: 'colorGen_t' declared heret t2 );
      |                                                                                   ^~~~~~~~~~
      |                                                                                   colorGen_t
code/renderervk/tr_local.h:246:3: note: 'colorGen_t' declared here

  246 | } colorGen_t;
      |   ^
  246 | } colorGen_t;
      |   ^
code/renderervk/tr_local.h:1651:100: error: unknown type name 'color4ub_t'; did you mean 'colorGen_t'?
 1651 | void RB_AddQuadStamp2( float x, float y, float w, float h, float s1, float t1, float s2, float t2, color4ub_t color );
      |                                                                                                    ^~~~~~~~~~
      |                                                                                                    colorGen_t
code/renderervk/tr_local.h:246:3: note: 'colorGen_t' declared here
  246 | } colorGen_t;
      |   ^
code/renderervk/tr_local.h:1649:80: error: unknown type name 'color4ub_t'; did you mean 'colorGen_t'?
 1649 | void RB_AddQuadStamp( const vec3_t origin, const vec3_t left, const vec3_t up, color4ub_t color );
      |                                                                                ^~~~~~~~~~
      |                                                                                colorGen_t
code/renderervk/tr_local.h:246:3: note: 'colorGen_t' declared here
  246 | } colorGen_t;
      |   ^
code/renderervk/tr_local.h:1701:41: error: unknown type name 'color4ub_t'; did you mean 'colorGen_t'?
 1701 | void R_ComputeColors( const int bundlcode/renderervk/tr_local.h:1650:83: error: unknown type name 'color4ub_t'; did you mean 'colorGen_t'?
 1650 | voe, color4ub_tid RB_AddQuadSt *admest, const shaderStage_t *pStage );
      | p                                        ^~~~~~~~~~
      |                                         colorGen_t
Ext( const vec3_t code/renderervk/tr_local.h:246:3: note: 'colorGen_t' declared here
  246 | o} colorGen_t;
      | rigin, const vec3_t left, c  ^
onst vec3_t up, color4ub_t color, float s1, float t1, float s2, float t2 );
      |                                                                                   ^~~~~~~~~~
      |                                                                                   colorGen_t
code/renderervk/tr_local.h:246:3: note: 'colorGen_t' declared here
  246 | } colorGen_t;
      |   ^
REF_CC code/renderervk/tr_model.c
code/renderervk/tr_local.h:1651:100: error: unknown type name 'color4ub_t'; did you mean 'colorGen_t'?
 1651 | void RB_AddQuadStamp2( float x, float y, float w, float h, float s1, float t1, float s2, float t2, color4ub_t color );
      |                                                                                                    ^~~~~~~~~~
      |                                                                                                    colorGen_t
code/renderervk/tr_local.h:246:3: note: 'colorGen_t' declared here
  246 | } colorGen_t;
      |   ^
code/renderervk/tr_light.c:390:39: error: call to undeclared function 'myftol'; ISO C99 and later do not support implicit function declarations [-Wimplicit-function-declaration]
  390 |         ((byte *)&ent->ambientLightInt)[0] = myftol( ent->ambientLight[0] ); // -EC-: don't use ri.ftol to avoid precision losses
      |                                              ^
code/renderervk/tr_local.h:1701:41: error: unknown type name 'color4ub_t'; did you mean 'colorGen_t'?
 1701 | void R_ComputeColors( const int bundle, color4ub_t *dest, const shaderStage_t *pStage );
      |                                         ^~~~~~~~~~
      |                                         colorGen_t
code/renderervk/tr_local.h:246:3: note: 'colorGen_t' declared here
  246 | } colorGen_t;
      |   ^
2 warnings and 12 errors generated.
make[2]: *** [build/release-darwin-arm64-nosteam/rendv/tr_light.o] Error 1
code/renderervk/tr_main.c:664:11: error: call to undeclared function 'SGN'; ISO C99 and later do not support implicit function declarations [-Wimplicit-function-declaration]
  664 |                 q[0] = (SGN(plane2[0]) + dest->projectionMatrix[8]) / dest->projectionMatrix[0];
      |                         ^
code/renderervk/tr_main.c:672:3: error: call to undeclared function 'VectorScale4'; ISO C99 and later do not support implicit function declarations [-Wimplicit-function-declaration]
  672 |                 VectorScale4( plane2, 2.0f / DotProduct4(plane2, q), c );
      |                 ^
REF_CC code/renderervk/tr_model_iqm.c
code/renderervk/tr_main.c:672:32: error: call to undeclared function 'DotProduct4'; ISO C99 and later do not support implicit function declarations [-Wimplicit-function-declaration]
  672 |                 VectorScale4( plane2, 2.0f / DotProduct4(plane2, q), c );
      |                                              ^
code/renderervk/tr_main.c:672:32: note: did you mean '_DotProduct'?
code/renderervk/../qcommon/q_shared.h:673:7: note: '_DotProduct' declared here
  673 | vec_t _DotProduct( const vec3_t v1, const vec3_t v2 );
      |       ^
2 warnings and 14 errors generated.
make[2]: *** [build/release-darwin-arm64-nosteam/rendv/tr_main.o] Error 1
In file included from code/renderervk/tr_marks.c:24:
code/renderervk/tr_local.h:95:9: warning: 'REFENTITYNUM_BITS' macro redefined [-Wmacro-redefined]
   95 | #define REFENTITYNUM_BITS       12      // as we actually using only 1 bit for dlight mask in opengl1 renderer
      |         ^
code/renderervk/../qcommon/../qcommon/../renderer/tr_types.h:35:9: note: previous definition is here
   35 | #define REFENTITYNUM_BITS       11              // can't be increased without changing drawsurf bit packing
      |         ^
In file included from code/renderervk/tr_marks.c:24:
code/renderervk/tr_local.h:96:9: warning: 'REFENTITYNUM_MASK' macro redefined [-Wmacro-redefined]
   96 | #define REFENTITYNUM_MASK       ((1<<REFENTITYNUM_BITS) - 1)
      |         ^
code/renderervk/../qcommon/../qcommon/../renderer/tr_types.h:36:9: note: previous definition is here
   36 | #define REFENTITYNUM_MASK ((uint64_t)((1ull << REFENTITYNUM_BITS) - 1))
      |         ^
In file included from code/renderervk/tr_marks.c:24:
code/renderervk/tr_local.h:362:2: error: unknown type name 'color4ub_t'; did you mean 'colorGen_t'?
  362 |         color4ub_t              constantColor;                  // for CGEN_CONST and AGEN_CONST
      |         ^~~~~~~~~~
      |         colorGen_t
code/renderervk/tr_local.h:246:3: note: 'colorGen_t' declared here
  246 | } colorGen_t;
      |   ^
code/renderervk/tr_local.h:611:2: error: unknown type name 'color4ub_t'; did you mean 'colorGen_t'?
  611 |         color4ub_t      colorInt;                               // in packed byte format
      |         ^~~~~~~~~~
      |         colorGen_t
code/renderervk/tr_local.h:246:3: note: 'colorGen_t' declared here
  246 | } colorGen_t;
      |   ^
code/renderervk/tr_local.h:1134:2: error: unknown type name 'color4ub_t'; did you mean 'colorGen_t'?
 1134 |         color4ub_t      color2D;
      |         ^~~~~~~~~~
      |         colorGen_t
code/renderervk/tr_local.h:246:3: note: 'colorGen_t' declared here
  246 | } colorGen_t;
      |   ^
code/renderervk/tr_local.h:1187:29: error: use of undeclared identifier 'MAX_VIDEO_HANDLES'
 1187 |         image_t                                 *scratchImage[ MAX_VIDEO_HANDLES ];
      |                                                                ^~~~~~~~~~~~~~~~~
REF_CC code/renderercommon/tr_noise.c
code/renderervk/tr_local.h:1578:2: error: unknown type name 'color4ub_t'; did you mean 'colorGen_t'?
 1578 |         color4ub_t      colors[NUM_TEXTURE_BUNDLES][SHADER_MAX_VERTEXES]; // we need at least 2xSHADER_MAX_VERTEXES for shadows and normals
      |         ^~~~~~~~~~
      |         colorGen_t
code/renderervk/tr_local.h:246:3: note: 'colorGen_t' declared here
  246 | } colorGen_t;
      |   ^
code/renderervk/tr_local.h:1591:2: error: unknown type name 'color4ub_t'; did you mean 'colorGen_t'?
 1591 |         color4ub_t      vertexColors[SHADER_MAX_VERTEXES] QALIGN(16);
      |         ^~~~~~~~~~
      |         colorGen_t
code/renderervk/tr_local.h:246:3: note: 'colorGen_t' declared here
  246 | } colorGen_t;
      |   ^
code/renderervk/tr_local.h:1597:2: error: unknown type name 'color4ub_t'; did you mean 'colorGen_t'?
 1597 |         color4ub_t      constantColor255[SHADER_MAX_VERTEXES] QALIGN(16);
      |         ^~~~~~~~~~
      |         colorGen_t
code/renderervk/tr_local.h:246:3: note: 'colorGen_t' declared here
  246 | } colorGen_t;
      |   ^
code/renderervk/tr_local.h:1649:80: error: unknown type name 'color4ub_t'; did you mean 'colorGen_t'?
 1649 | void RB_AddQuadStamp( const vec3_t origin, const vec3_t left, const vec3_t up, color4ub_t color );
      |                                                                                ^~~~~~~~~~
      |                                                                                colorGen_t
code/renderervk/tr_local.h:246:3: note: 'colorGen_t' declared here
  246 | } colorGen_t;
      |   ^
code/renderervk/tr_local.h:1650:83: error: unknown type name 'color4ub_t'; did you mean 'colorGen_t'?
 1650 | void RB_AddQuadStampExt( const vec3_t origin, const vec3_t left, const vec3_t up, color4ub_t color, float s1, float t1, float s2, float t2 );
      |                                                                                   ^~~~~~~~~~
      |                                                                                   colorGen_t
code/renderervk/tr_local.h:246:3: note: 'colorGen_t' declared here
  246 | } colorGen_t;
      |   ^
code/renderervk/tr_local.h:1651:100: error: unknown type name 'color4ub_t'; did you mean 'colorGen_t'?
 1651 | void RB_AddQuadStamp2( float x, float y, float w, float h, float s1, float t1, float s2, float t2, color4ub_t color );
      |                                                                                                    ^~~~~~~~~~
      |                                                                                                    colorGen_t
code/renderervk/tr_local.h:246:3: note: 'colorGen_t' declared here
  246 | } colorGen_t;
      |   ^
code/renderervk/tr_local.h:1701:41: error: unknown type name 'color4ub_t'; did you mean 'colorGen_t'?
 1701 | void R_ComputeColors( const int bundle, color4ub_t *dest, const shaderStage_t *pStage );
      |                                         ^~~~~~~~~~
      |                                         colorGen_t
code/renderervk/tr_local.h:246:3: note: 'colorGen_t' declared here
  246 | } colorGen_t;
      |   ^
code/renderervk/tr_marks.c:142:28: error: use of undeclared identifier 'CONTENTS_NODE'
  142 |         while ( node->contents == CONTENTS_NODE ) {
      |                                   ^~~~~~~~~~~~~
REF_CC code/renderervk/tr_scene.c
2 warnings and 12 errors generated.
make[2]: *** [build/release-darwin-arm64-nosteam/rendv/tr_marks.o] Error 1
In file included from code/renderervk/tr_mesh.c:24:
code/renderervk/tr_local.h:95:9: warning: 'REFENTITYNUM_BITS' macro redefined [-Wmacro-redefined]
   95 | #define REFENTITYNUM_BITS       12      // as we actually using only 1 bit for dlight mask in opengl1 renderer
      |         ^
code/renderervk/../qcommon/../qcommon/../renderer/tr_types.h:35:9: note: previous definition is here
   35 | #define REFENTITYNUM_BITS       11              // can't be increased without changing drawsurf bit packing
      |         ^
In file included from code/renderervk/tr_mesh.c:24:
code/renderervk/tr_local.h:96:9: warning: 'REFENTITYNUM_MASK' macro redefined [-Wmacro-redefined]
   96 | #define REFENTITYNUM_MASK       ((1<<REFENTITYNUM_BITS) - 1)
      |         ^
code/renderervk/../qcommon/../qcommon/../renderer/tr_types.h:36:9: note: previous definition is here
   36 | #define REFENTITYNUM_MASK ((uint64_t)((1ull << REFENTITYNUM_BITS) - 1))
      |         ^
In file included from code/renderervk/tr_mesh.c:24:
code/renderervk/tr_local.h:362:2: error: unknown type name 'color4ub_t'; did you mean 'colorGen_t'?
  362 |         color4ub_t              constantColor;                  // for CGEN_CONST and AGEN_CONST
      |         ^~~~~~~~~~
      |         colorGen_t
code/renderervk/tr_local.h:246:3: note: 'colorGen_t' declared here
  246 | } colorGen_t;
      |   ^
REF_CC code/renderervk/tr_shade.c
code/renderervk/tr_local.h:611:2: error: unknown type name 'color4ub_t'; did you mean 'colorGen_t'?
  611 |         color4ub_t      colorInt;                               // in packed byte format
      |         ^~~~~~~~~~
      |         colorGen_t
code/renderervk/tr_local.h:246:3:REF_CC code/renderervk/tr_shade_calc.c
 note: 'colorGen_t' declared here
  246 | } colorGen_t;
      |   ^
In file included from code/renderervk/tr_model.c:24:
code/renderervk/tr_local.h:95:9: warning: 'REFENTITYNUM_BITS' macro redefined [-Wmacro-redefined]
   95 | #define REFENTITYNUM_BITS       12      // as we actually using only 1 bit for dlight mask in opengl1 renderer
      |         ^
code/renderervk/../qcommon/../qcommon/../renderer/tr_types.h:35:9: note: previous definition is here
   35 | #define REFENTITYNUM_BITS       11              // can't be increased without changing drawsurf bit packing
      |         ^
In file included from code/renderervk/tr_model.c:24:
code/renderervk/tr_local.h:96:9: warning: 'REFENTITYNUM_MASK' macro redefined [-Wmacro-redefined]
   96 | #define REFENTITYNUM_MASK       ((1<<REFENTITYNUM_BITS) - 1)
      |         ^
code/renderervk/../qcommon/../qcommon/../renderer/tr_types.h:36:9: note: previous definition is here
   36 | #define REFENTITYNUM_MASK ((uint64_t)((1ull << REFENTITYNUM_BITS) - 1))
      |         ^
In file included from code/renderervk/tr_model.c:24:
code/renderervk/tr_local.h:362:2: error: unknown type name 'color4ub_t'; did you mean 'colorGen_t'?
  362 |         color4ub_t              constantColor;                  // for CGEN_CONST and AGEN_CONST
      |         ^~~~~~~~~~
      |         colorGen_t
code/renderervk/tr_local.h:246:3: note: 'colorGen_t' declared here
  246 | } colorGen_t;
      |   ^
code/renderervk/tr_local.h:611:2: error: unknown type name 'color4ub_t'; did you mean 'colorGen_t'?
  611 |         color4ub_t      colorInt;                               // in packed byte format
      |         ^~~~~~~~~~
      |         colorGen_t
code/renderervk/tr_local.h:246:3: note: 'colorGen_t' declared here
  246 | } colorGen_t;
      |   ^
code/renderervk/tr_local.h:1134:2: error: unknown type name 'color4ub_t'; did you mean 'colorGen_t'?
 1134 |         color4ub_t      color2D;
      |         ^~~~~~~~~~
      |         colorGen_t
code/renderervk/tr_local.h:246:3: note: 'colorGen_t' declared here
  246 | } colorGen_t;
      |   ^
code/renderervk/tr_local.h:1134:2: error: unknown type name 'color4ub_t'; did you mean 'colorGen_t'?
 1134 |         color4ub_t      color2D;
      |         ^~~~~~~~~~
      |         colorGen_t
code/renderervk/tr_local.h:246:3: note: 'colorGen_t' declared here
  246 | } colorGen_t;
      |   ^
code/renderervk/tr_local.h:1187:29: error: use of undeclared identifier 'MAX_VIDEO_HANDLES'
 1187 |         image_t                                 *scratchImage[ MAX_VIDEO_HANDLES ];
      |                                                                ^~~~~~~~~~~~~~~~~
code/renderervk/tr_local.h:1187:29: error: use of undeclared identifier 'MAX_VIDEO_HANDLES'
 1187 |         image_t                                 *scratchImage[ MAX_VIDEO_HANDLES ];
      |                                                                ^~~~~~~~~~~~~~~~~
code/renderervk/tr_local.h:1578:2: error: unknown type name 'color4ub_t'; did you mean 'colorGen_t'?
 1578 |         color4ub_t      colors[NUM_TEXTURE_BUNDLES][SHADER_MAX_VERTEXES]; // we need at least 2xSHADER_MAX_VERTEXES for shadows and normals
      |         ^~~~~~~~~~
      |         colorGen_t
code/renderervk/tr_local.h:246:3: note: 'colorGen_t' declared here
  246 | } colorGen_t;
      |   ^
code/renderervk/tr_local.h:1578:2: error: unknown type name 'color4ub_t'; did you mean 'colorGen_t'?
 1578 |         color4ub_t      colors[NUM_TEXTURE_BUNDLES][SHADER_MAX_VERTEXES]; // we need at least 2xSHADER_MAX_VERTEXES for shadows and normals
      |         ^~~~~~~~~~
      |         colorGen_t
code/renderervk/tr_local.h:246:3: note: 'colorGen_t' declared here
  246 | } colorGen_t;
      |   ^
code/renderervk/tr_local.h:1591:2: error: unknown type name 'color4ub_t'; did you mean 'colorGen_t'?
 1591 |         color4ub_t      vertexColors[SHADER_MAX_VERTEXES] QALIGN(16);
      |         ^~~~~~~~~~
      |         colorGen_t
code/renderervk/tr_local.h:246:3: note: 'colorGen_t' declared here
  246 | } colorGen_t;
      |   ^
code/renderervk/tr_local.h:1591:2: error: unknown type name 'color4ub_t'; did you mean 'colorGen_t'?
 1591 |         color4ub_t      vertexColors[SHADER_MAX_VERTEXES] QALIGN(16);
      |         ^~~~~~~~~~
      |         colorGen_t
code/renderervk/tr_local.h:246:3: note: 'colorGen_t' declared here
  246 | } colorGen_t;
      |   ^
code/renderervk/tr_local.h:1597:2: error: unknown type name 'color4ub_t'; did you mean 'colorGen_t'?
 1597 |         color4ub_t      constantColor255[SHADER_MAX_VERTEXES] QALIGN(16);
      |         ^~~~~~~~~~
      |         colorGen_t
code/renderervk/tr_local.h:246:3: note: 'colorGen_t' declared here
  246 | } colorGen_t;
      |   ^
code/renderervk/tr_local.h:1597:2: error: unknown type name 'color4ub_t'; did you mean 'colorGen_t'?
 1597 |         color4ub_t      constantColor255[SHADER_MAX_VERTEXES] QALIGN(16);
      |         ^~~~~~~~~~
      |         colorGen_t
code/renderervk/tr_local.h:246:3: note: 'colorGen_t' declared here
  246 | } colorGen_t;
      |   ^
code/renderervk/tr_local.h:1649:80: error: unknown type name 'color4ub_t'; did you mean 'colorGen_t'?
 1649 | void RB_AddQuadStamp( const vec3_t origin, const vec3_t left, const vec3_t up, color4ub_t color );
      |                                                                                ^~~~~~~~~~
      |                                                                                colorGen_t
code/renderervk/tr_local.h:246:3: note: 'colorGen_t' declared here
  246 | } colorGen_t;
      |   ^
code/renderervk/tr_local.h:1650:83: error: unknown type name 'color4ub_t'; did you mean 'colorGen_t'?
 1650 | void RB_AddQuadStampExt( const vec3_t origin, const vec3_t left, const vec3_t up, color4ub_t color, float s1, float t1, float s2, float t2 );
      |                                                                                   ^~~~~~~~~~
      |                                                                                   colorGen_t
code/renderervk/tr_local.h:246:3: note: 'colorGen_t' declared here
  246 | } colorGen_t;
      |   ^
code/renderervk/tr_local.h:1649:80: error: unknown type name 'color4ub_t'; did you mean 'colorGen_t'?
 1649 | void RB_AddQuadStamp( const vec3_t origin, const vec3_t left, const vec3_t up, color4ub_t color );
      |                                                                                ^~~~~~~~~~
      |                                                                                colorGen_t
code/renderervk/tr_local.h:246:3: note: 'colorGen_t' declared here
  246 | } colorGen_t;
      |   ^
code/renderervk/tr_local.h:1651:100: error: unknown type name 'color4ub_t'; did you mean 'colorGen_t'?
 1651 | void RB_AddQuadStamp2( float x, float y, float w, float h, float s1, float t1, float s2, float t2, color4ub_t color );
      |                                                                                                    ^~~~~~~~~~
      |                                                                                                    colorGen_t
code/renderervk/tr_local.h:246:3: note: 'colorGen_t' declared here
  246 | } colorGen_t;
      |   ^
code/renderervk/tr_local.h:1650:83: error: unknown type name 'color4ub_t'; did you mean 'colorGen_t'?
 1650 | void RB_AddQuadStampExt( const vec3_t origin, const vec3_t left, const vec3_t up, color4ub_t color, float s1, float t1, float s2, float t2 );
      |                                                                                   ^~~~~~~~~~
      |                                                                                   colorGen_t
code/renderervk/tr_local.h:246:3: note: 'colorGen_t' declared here
  246 | } colorGen_t;
      |   ^
code/renderervk/tr_local.h:1701:41: error: unknown type name 'color4ub_t'; did you mean 'colorGen_t'?
 1701 | void R_ComputeColors( const int bundle, color4ub_t *dest, const shaderStage_t *pStage );
      |                                         ^~~~~~~~~~
      |                                         colorGen_t
code/renderervk/tr_local.h:246:3: note: 'colorGen_t' declared here
  246 | } colorGen_t;
      |   ^
code/renderervk/tr_local.h:1651:100: error: unknown type name 'color4ub_t'; did you mean 'colorGen_t'?
 1651 | void RB_AddQuadStamp2( float x, float y, float w, float h, float s1, float t1, float s2, float t2, color4ub_t color );
      |                                                                                                    ^~~~~~~~~~
      |                                                                                                    colorGen_t
code/renderervk/tr_local.h:246:3: note: 'colorGen_t' declared here
  246 | } colorGen_t;
      |   ^
code/renderervk/tr_local.h:1701:41: error: unknown type name 'color4ub_t'; did you mean 'colorGen_t'?
 1701 | void R_ComputeColors( const int bundle, color4ub_t *dest, const shaderStage_t *pStage );
      |                                         ^~~~~~~~~~
      |                                         colorGen_t
code/renderervk/tr_local.h:246:3: note: 'colorGen_t' declared here
  246 | } colorGen_t;
      |   ^
code/renderervk/tr_mesh.c:217:9: error: call to undeclared function 'myftol'; ISO C99 and later do not support implicit function declarations [-Wimplicit-function-declaration]
  217 |                 lod = myftol( flod );
      |                       ^
2 warnings and 12 errors generated.
make[2]: *** [build/release-darwin-arm64-nosteam/rendv/tr_mesh.o] Error 1
2 warnings and 11 errors generated.
In file included from code/renderervk/tr_model_iqm.c:25:
code/renderervk/tr_local.h:95:9: warning: 'REFENTITYNUM_BITS' macro redefined [-Wmacro-redefined]
   95 | #define REFENTITYNUM_BITS       12      // as we actually using only 1 bit for dlight mask in opengl1 renderer
      |         ^
code/renderervk/../qcommon/../qcommon/../renderer/tr_types.h:35:9: note: previous definition is here
   35 | #define REFENTITYNUM_BITS       11              // can't be increased without changing drawsurf bit packing
      |         ^
In file included from code/renderervk/tr_model_iqm.c:25:
code/renderervk/tr_local.h:96:9: warning: 'REFENTITYNUM_MASK' macro redefined [-Wmacro-redefined]
   96 | #define REFENTITYNUM_MASK       ((1<<REFENTITYNUM_BITS) - 1)
      |         ^
code/renderervk/../qcommon/../qcommon/../renderer/tr_types.h:36:9: note: previous definition is here
   36 | #define REFENmake[2]: TI*** [build/release-darwin-arm64-nosteam/rendv/tr_model.o] Error 1T
YNUM_MASK ((uint64_t)((1ull << REFENTITYNUM_BITS) - 1))
      |         ^
In file included from code/renderervk/tr_model_iqm.c:25:
code/renderervk/tr_local.h:362:2: error: unknown type name 'color4ub_t'; did you mean 'colorGen_t'?
  362 |         color4ub_t              constantColor;                  // for CGEN_CONST and AGEN_CONST
      |         ^~~~~~~~~~
      |         colorGen_t
code/renderervk/tr_local.h:246:3: note: 'colorGen_t' declared here
  246 | } colorGen_t;
      |   ^
REF_CC code/renderervk/tr_shader.c
code/renderervk/tr_local.h:611:2: error: unknown type name 'color4ub_t'; did you mean 'colorGen_t'?
  611 |         color4ub_t      colorInt;                               // in packed byte format
      |         ^~~~~~~~~~
      |         colorGen_t
code/renderervk/tr_local.h:246:3: note: 'colorGen_t' declared here
  246 | } colorGen_t;
      |   ^
code/renderervk/tr_local.h:1134:2: error: unknown type name 'color4ub_t'; did you mean 'colorGen_t'?
 1134 |         color4ub_t      color2D;
      |         ^~~~~~~~~~
      |         colorGen_t
code/renderervk/tr_local.h:246:3: note: 'colorGen_t' declared here
  246 | } colorGen_t;
      |   ^
REF_CC code/renderervk/tr_shadows.c
code/renderervk/tr_local.h:1187:29: error: use of undeclared identifier 'MAX_VIDEO_HANDLES'
 1187 |         image_t                                 *scratchImage[ MAX_VIDEO_HANDLES ];
      |                                                                ^~~~~~~~~~~~~~~~~
code/renderervk/tr_local.hIn file included from :code/renderervk/tr_scene.c:157823:
:code/renderervk/tr_local.h:295::9: error: unknown type name 'color4ub_t'; did you mean 'colorGen_t'? warning: 'REFENTITYNUM_BITS' macro redefined [-Wmacro-redefined]

   95 | # d1578 | e        cfine REFENTITYNUM_BITS       12      // oalosr4 ubw_te      c actually uolorssing onl[NUM_TEXTURE_BUNDLES][SHADER_MAX_VERTEXES]; // we need at least 2xSHADER_MAX_VERTEXES for shadoy 1 bit for dlight mask in opengl1 renderer
      |         ^
code/renderervk/../qcommon/../qcommon/../renderer/tr_types.h:35:9: note: previous definition is here
   35 | #define REFENTITYNUM_BITS       11              // can't be increased without changing drawsurf bit packing
      |         ^
In file included from code/renderervk/tr_scene.c:23:
code/renderervk/tr_local.h:96:9: warning: 'REFENTITYNUM_MASK' macro redefined [-Wmacro-redefined]
   ws and norma96 | #define REFENTITYNUM_MASK       ((1<<REFENTITYNUM_BITS) - 1)
      |         ^
code/renderervk/../qcommon/../qcommon/../renderer/tr_types.h:36:9:ls
      |         ^~~~~~~~~~
      |         colorGen_t
 note: previous definition is here
code/renderervk/tr_local.h   36 | #define REFENTITYNUM_MASK ((uint64_t)((1ull <:246:3: note: 'colorGen_t' declared here
  246 | } colorGen_t;
      |   ^
< REFENTITYNUM_BITS) - 1))
      |         ^
code/renderervk/tr_local.h:1591:2: error: unknown type name 'color4ub_t'; did you mean 'colorGen_t'?
 1591 |         color4ub_t      vertexColors[SHADER_MAX_VERTEXES] QALIGN(16);
      |         ^~~~~~~~~~
      |         colorGen_t
code/renderervk/tr_local.h:246:3: note: 'colorGen_t' declared here
  246 | } colorGen_t;
      |   ^
In file included from code/renderervk/tr_scene.c:23:
code/renderervk/tr_local.h:362:2: error: unknown type name 'color4ub_t'; did you mean 'colorGen_t'?
  362 |         color4ub_t              constantColor;                  // for CGEN_CONST and AGEN_CONST
      |         ^~~~~~~~~~
      |         colorGen_t
code/renderervk/tr_local.h:246:3: note: 'colorGen_t' declared here
  246 | } colorGen_t;
      |   ^
code/renderervk/tr_local.h:1597:2: error: unknown type name 'color4ub_t'; did you mean 'colorGen_t'?
 1597 |         color4ub_t      constantColor255[SHADER_MAX_VERTEXES] QALIGN(16);
      |         ^~~~~~~~~~
      |         colorGen_t
code/renderervk/tr_local.h:246:3: note: 'colorGen_t' declared here
  246 | } colorGen_t;
      |   ^
code/renderervk/tr_local.h:611:2: error: unknown type name 'color4ub_t'; did you mean 'colorGen_t'?
  611 |         color4ub_t      colorInt;                               // in packed byte format
      |         ^~~~~~~~~~
      |         colorGen_t
code/renderervk/tr_local.h:246:3: note: 'colorGen_t' declared here
  246 | } colorGen_t;
      |   ^
code/renderervk/tr_local.h:1649:80: error: unknown type name 'color4ub_t'; did you mean 'colorGen_t'?
 1649 | void RB_AddQuadStamp( const vec3_t origin, const vec3_t left, const vec3_t up, color4ub_t color );
      |                                                                                ^~~~~~~~~~
      |                                                                                colorGen_t
code/renderervk/tr_local.h:246:3: note: 'colorGen_t' declared here
  246 | } colorGen_t;
      |   ^
code/renderervk/tr_local.h:1650:83: error: unknown type name 'color4ub_t'; did you mean 'colorGen_t'?
 1650 | void RB_AddQuadStampExt( const vec3_t origin, const vec3_t left, const vec3_t up, color4ub_t color, float s1, float t1, float s2, float t2 );
      |                                                                                   ^~~~~~~~~~
      |                                                                                   colorGen_t
code/renderervk/tr_local.h:246:3: note: 'colorGen_t' declared here
  246 | } colorGen_t;
      |   ^
code/renderervk/tr_local.h:1134:2: error: unknown type name 'color4ub_t'; did you mean 'colorGen_t'?
 1134 |         color4ub_t      color2D;
      |         ^~~~~~~~~~
      |         colorGen_t
code/renderervk/tr_local.h:246:3: note: 'colorGen_t' declared here
  246 | } colorGen_t;
      |   ^
code/renderervk/tr_local.h:1651:100: error: unknown type name 'color4ub_t'; did you mean 'colorGen_t'?
 1651 | void RB_AddQuadStamp2( float x, float y, float w, float h, float s1, float t1, float s2, float t2, color4ub_t color );
      |                                                                                                    ^~~~~~~~~~
      |                                                                                                    colorGen_t
code/renderervk/tr_local.h:246:3: note: 'colorGen_t' declared here
  246 | } colorGen_t;
      |   ^
code/renderervk/tr_local.h:1701:41: error: unknown type name 'color4ub_t'; did you mean 'colorGen_t'?
 1701 | void R_ComputeColors( const int bundle, color4ub_t *dest, const shaderStage_t *pStage );
      |                                         ^~~~~~~~~~
      |                                         colorGen_t
code/renderervk/tr_local.h:246:3: note: 'colorGen_t' declared here
  246 | } colorGen_t;
      |   ^
code/renderervk/tr_local.h:1187:29: error: use of undeclared identifier 'MAX_VIDEO_HANDLES'
 1187 |         image_t                                 *scratchImage[ MAX_VIDEO_HANDLES ];
      |                                                                ^~~~~~~~~~~~~~~~~
code/renderervk/tr_model_iqm.c:1274:2: error: unknown type name 'color4ub_t'; did you mean 'colorGen_t'?
 1274 |         color4ub_t      *outColor;
      |         ^~~~~~~~~~
      |         colorGen_t
code/renderervk/tr_local.h:246:3: note: 'colorGen_t' declared here
  246 | } colorGen_t;
      |   ^
code/renderervk/tr_local.h:1578:2: error: unknown type name 'color4ub_t'; did you mean 'colorGen_t'?
 1578 |         color4ub_t      colors[NUM_TEXTURE_BUNDLES][SHADER_MAX_VERTEXES]; // we need at least 2xSHADER_MAX_VERTEXES for shadows and normals
      |         ^~~~~~~~~~
      |         colorGen_t
code/renderervk/tr_local.h:246:3: note: 'colorGen_t' declared here
  246 | } colorGen_t;
      |   ^
2 warnings and 12 errors generated.
code/renderervk/tr_local.h:1591:2: error: unknown type name 'color4ub_t'; did you mean 'colorGen_t'?
 1591 |         color4ub_t      vertexColors[SHADER_MAX_VERTEXES] QALIGN(16);
      |         ^~~~~~~~~~
      |         colorGen_t
code/renderervk/tr_local.h:246:3: note: 'colorGen_t' declared here
  246 | } colorGen_t;
      |   ^
code/renderervk/tr_local.h:1597:2: error: unknown type name 'color4ub_t'; did you mean 'colorGen_t'?
 1597 |         color4ub_t      constantColor255[SHADER_MAX_VERTEXES] QALIGN(16);
      |         ^~~~~~~~~~
      |         colorGen_t
code/renderervk/tr_local.h:246:3: note: 'colorGen_t' declared here
  246 | } colorGen_t;
      |   ^
make[2]: *** [build/release-darwin-arm64-nosteam/rendv/tr_model_iqm.o] Error 1
code/renderervk/tr_local.h:1649:80: error: unknown type name 'color4ub_t'; did you mean 'colorGen_t'?
 1649 | void RB_AddQuadStamp( const vec3_t origin, const vec3_t left, const vec3_t up, color4ub_t color );
      |                                                                                ^~~~~~~~~~
      |                                                                                colorGen_t
code/renderervk/tr_local.h:246:3: note: 'colorGen_t' declared here
  246 | } colorGen_t;
      |   ^
code/renderervk/tr_local.h:1650:83: error: unknown type name 'color4ub_t'; did you mean 'colorGen_t'?
 1650 | void RB_AddQuadStampExt( const vec3_t origin, const vec3_t left, const vec3_t up, color4ub_t color, float s1, float t1, float s2, float t2 );
      |                                                                                   ^~~~~~~~~~
      |                                                                                   colorGen_t
code/renderervk/tr_local.h:246:3: note: 'colorGen_t' declared here
  246 | } colorGen_t;
      |   ^
code/renderervk/tr_local.h:1651:100: error: unknown type name 'color4ub_t'; did you mean 'colorGen_t'?
 1651 | void RB_AddQuadStamp2( float x, float y, float w, float h, float s1, float t1, float s2, float t2, color4ub_t color );
      |                                                                                                    ^~~~~~~~~~
      |                                                                                                    colorGen_t
code/renderervk/tr_local.h:246:3: note: 'colorGen_t' declared here
  246 | } colorGen_t;
      |   ^
code/renderervk/tr_local.h:1701:41: error: unknown type name 'color4ub_t'; did you mean 'colorGen_t'?
 1701 | void R_ComputeColors( const int bundle, color4ub_t *dest, const shaderStage_t *pStage );
      |                                         ^~~~~~~~~~
      |                                         colorGen_t
code/renderervk/tr_local.h:246:3: note: 'colorGen_t' declared here
  246 | } colorGen_t;
      |   ^
REF_CC code/renderervk/tr_sky.c
2 warnings and 11 errors generated.
In file included from code/renderervk/tr_shade.c:24:
code/renderervk/tr_local.h:95:9: warning: 'REFENTITYNUM_BITS' macro redefined [-Wmacro-redefined]
   95 | #define REFENTITYNUM_BITS       12      // as we actually using only 1 bit for dlight mask in opengl1 renderer
      |         ^
code/renderervk/../qcommon/../qcommon/../renderer/tr_types.h:35:9: note: previous definition is here
   35 | #define REFENTITYNUM_BITS       11              // can't be increased without changing drawsurf bit packing
      |         ^
In file included from code/renderervk/tr_shade.c:24:
code/renderervk/tr_local.h:96:9: warning: 'REFENTITYNUM_MASK' macro redefined [-Wmacro-redefined]
   96 | #define REFENTITYNUM_MASK       ((1<<REFENTITYNUM_BITS) - 1)
      |         ^
code/renderervk/../qcommon/../qcommon/../renderer/tr_types.h:36:9: note: previous definition is here
   36 | #define REFENTITYNUM_MASK ((uint64_t)((1ull << REFENTITYNUM_BITS) - 1))
      |         ^
make[2]: *** [build/release-darwin-arm64-nosteam/rendv/tr_scene.o] Error 1
REF_CC code/renderervk/tr_surface.c
In file included from code/renderervk/tr_shade_calc.c:24:
code/renderervk/tr_local.h:95:9: warning: 'REFENTITYNUM_BITS' macro redefined [-Wmacro-redefined]
   95 | #define REFENTITYNUM_BITS       12      // as we actually using only 1 bit for dlight mask in opengl1 renderer
      |         ^
code/renderervk/../qcommon/../qcommon/../renderer/tr_types.h:35:9: note: previous definition is here
   35 | #define REFENTITYNUM_BITS       11              // can't be increased without changing drawsurf bit packing
      |         ^
In file included from code/renderervk/tr_shade_calc.c:24:
code/renderervk/tr_local.h:96:9: warning: 'REFENTITYNUM_MASK' macro redefined [-Wmacro-redefined]
   96 | #define REFENTITYNUM_MASK       ((1<<REFENTITYNUM_BITS) - 1)
      |         ^
code/renderervk/../qcommon/../qcommon/../renderer/tr_types.h:36:9: note: previous definition is here
   36 | #define REFENTITYNUM_MASK ((uint64_t)((1ull << REFENTITYNUM_BITS) - 1))
      |         ^
In file included from code/renderervk/tr_shade.c:24:
code/renderervk/tr_local.h:362:2: error: unknown type name 'color4ub_t'; did you mean 'colorGen_t'?
  362 |         color4ub_t              constantColor;                  // for CGEN_CONST and AGEN_CONST
      |         ^~~~~~~~~~
      |         colorGen_t
code/renderervk/tr_local.h:246:3: note: 'colorGen_t' declared here
  246 | } colorGen_t;
      |   ^
code/renderervk/tr_local.h:611:2: error: unknown type name 'color4ub_t'; did you mean 'colorGen_t'?
  611 |         color4ub_t      colorInt;                               // in packed byte format
      |         ^~~~~~~~~~
      |         colorGen_t
code/renderervk/tr_local.h:246:3: note: 'colorGen_t' declared here
  246 | } colorGen_t;
      |   ^
In file included from code/renderervk/tr_shade_calc.c:24:
code/renderervk/tr_local.h:362:2: error: unknown type name 'color4ub_t'; did you mean 'colorGen_t'?
  362 |         color4ub_t              constantColor;                  // for CGEN_CONST and AGEN_CONST
      |         ^~~~~~~~~~
      |         colorGen_t
code/renderervk/tr_local.h:246:3: note: 'colorGen_t' declared here
  246 | } colorGen_t;
      |   ^
REF_CC code/renderervk/tr_world.c
code/renderervk/tr_local.h:611:2: error: unknown type name 'color4ub_t'; did you mean 'colorGen_t'?
  611 |         color4ub_t      colorInt;                               // in packed byte format
      |         ^~~~~~~~~~
      |         colorGen_t
code/renderervk/tr_local.h:246:3: note: 'colorGen_t' declared here
  246 | } colorGen_t;
      |   ^
code/renderervk/tr_local.h:1134:2: error: unknown type name 'color4ub_t'; did you mean 'colorGen_t'?
 1134 |         color4ub_t      color2D;
      |         ^~~~~~~~~~
      |         colorGen_t
code/renderervk/tr_local.h:246:3: note: 'colorGen_t' declared here
  246 | } colorGen_t;
      |   ^
code/renderervk/tr_local.h:1134:2: error: unknown type name 'color4ub_t'; did you mean 'colorGen_t'?
 1134 |         color4ub_t      color2D;
      |         ^~~~~~~~~~
      |         colorGen_t
code/renderervk/tr_local.h:246:3: note: 'colorGen_t' declared here
  246 | } colorGen_t;
      |   ^
code/renderervk/tr_local.h:1187:29: error: use of undeclared identifier 'MAX_VIDEO_HANDLES'
 1187 |         image_t                                 *scratchImage[ MAX_VIDEO_HANDLES ];
      |                                                                ^~~~~~~~~~~~~~~~~
code/renderervk/tr_local.h:1578:2: error: unknown type name 'color4ub_t'; did you mean 'colorGen_t'?
 1578 |         color4ub_t      colors[NUM_TEXTURE_BUNDLES][SHADER_MAX_VERTEXES]; // we need at least 2xSHADER_MAX_VERTEXES for shadows and normals
      |         ^~~~~~~~~~
      |         colorGen_t
code/renderervk/tr_local.h:246:3: note: 'colorGen_t' declared here
  246 | } colorGen_t;
      |   ^
code/renderervk/tr_local.h:1591:2: error: unknown type name 'color4ub_t'; did you mean 'colorGen_t'?
 1591 |         color4ub_t      vertexColors[SHADER_MAX_VERTEXES] QALIGN(16);
      |         ^~~~~~~~~~
      |         colorGen_t
code/renderervk/tr_local.h:246:3: note: 'colorGen_t' declared here
  246 | } colorGen_t;
      |   ^
code/renderervk/tr_local.h:1597:2: error: unknown type name 'color4ub_t'; did you mean 'colorGen_t'?
 1597 |         color4ub_t      constantColor255[SHADER_MAX_VERTEXES] QALIGN(16);
      |         ^~~~~~~~~~
      |         colorGen_t
code/renderervk/tr_local.h:246:3: note: 'colorGen_t' declared here
  246 | } colorGen_t;
      |   ^
code/renderervk/tr_local.h:1187:29: error: use of undeclared identifier 'MAX_VIDEO_HANDLES'
 1187 |         image_t                                 *scratchImage[ MAX_VIDEO_HANDLES ];
      |                                                                ^~~~~~~~~~~~~~~~~
code/renderervk/tr_local.h:1649:80: error: unknown type name 'color4ub_t'; did you mean 'colorGen_t'?
 1649 | void RB_AddQuadStamp( const vec3_t origin, const vec3_t left, const vec3_t up, color4ub_t color );
      |                                                                                ^~~~~~~~~~
      |                                                                                colorGen_t
code/renderervk/tr_local.h:246:3: note: 'colorGen_t' declared here
  246 | } colorGen_t;
      |   ^
code/renderervk/tr_local.h:1578:2: error: unknown type name 'color4ub_t'; did you mean 'colorGen_t'?
 1578 |         color4ub_t      colors[NUM_TEXTURE_BUNDLES][SHADER_MAX_VERTEXES]; // we need at least 2xSHADER_MAX_VERTEXES for shadows and normals
      |         ^~~~~~~~~~
      |         colorGen_t
code/renderervk/tr_local.h:246:3: note: 'colorGen_t' declared here
  246 | } colorGen_t;
      |   ^
code/renderervk/tr_local.h:1650:83: error: unknown type name 'color4ub_t'; did you mean 'colorGen_t'?
 1650 | void RB_AddQuadStampExt( const vec3_t origin, const vec3_t left, const vec3_t up, color4ub_t color, float s1, float t1, float s2, float t2 );
      |                                                                                   ^~~~~~~~~~
      |                                                                                   colorGen_t
code/renderervk/tr_local.h:246:3: note: 'colorGen_t' declared here
  246 | } colorGen_t;
      |   ^
code/renderervk/tr_local.h:1651:100: error: unknown type name 'color4ub_t'; did you mean 'colorGen_t'?
 1651 | void RB_AddQuadStamp2( float x, float y, float w, float h, float s1, float t1, float s2, float t2, color4ub_t color );
      |                                                                                                    ^~~~~~~~~~
      |                                                                                                    colorGen_t
code/renderervk/tr_local.h:246:3: note: 'colorGen_t' declared here
  246 | } colorGen_t;
      |   ^
code/renderervk/tr_local.h:1591:2: error: unknown type name 'color4ub_t'; did you mean 'colorGen_t'?
 1591 |         color4ub_t      vertexColors[SHADER_MAX_VERTEXES] QALIGN(16);
      |         ^~~~~~~~~~
      |         colorGen_t
code/renderervk/tr_local.h:246:3: note: 'colorGen_t' declared here
  246 | } colorGen_t;
      |   ^
code/renderervk/tr_local.h:1701:41: error: unknown type name 'color4ub_t'; did you mean 'colorGen_t'?
 1701 | void R_ComputeColors( const int code/renderervk/tr_local.h:1597:2: error: unknown type name 'color4ub_t'; did you mean 'colorGen_t'?
 1597 |         color4ub_t      cbundle, color4ub_t *dest, constonstantColor255[SHADER_MAX_VER shaderStage_t *pTEXES] QALIGN(16);
      |         ^~~~~~~~~~
      |         colorGen_t
code/renderervk/tr_local.h:246:3: note: 'colorGen_t' declared here
  246Stage );
      |                                         ^~~~~~~~~~
      |                                         colorGen_t | 
code/renderervk/tr_local.h:246:3:} colorGen_t;
      |   ^
 note: 'colorGen_t' declared here
  246 | } colorGen_t;
      |   ^
code/renderervk/tr_local.h:1649:80: error: unknown type name 'color4ub_t'; did you mean 'colorGen_t'?
 1649 | void RB_AddQuadStamp( const vec3_t origin, const vec3_t left, const vec3_t up, color4ub_t color );
      |                                                                                ^~~~~~~~~~
      |                                                                                colorGen_t
code/renderervk/tr_local.h:246:3: note: 'colorGen_t' declared here
  246 | } colorGen_t;
      |   ^
code/renderervk/tr_shade.c:203:37: error: member reference base type 'colorGen_t' is not a structure or union
  203 |         Com_Memset( tess.svars.colors[0][0].rgba, tr.identityLightByte, tess.numVertexes * sizeof( color4ub_t ) );
      |                     ~~~~~~~~~~~~~~~~~~~~~~~^~~~~
code/renderervk/../qcommon/q_shared.h:402:20: note: expanded from macro 'Com_Memset'
  402 | #define Com_Memset memset
      |                    ^
/Library/Developer/CommandLineTools/SDKs/MacOSX.sdk/usr/include/secure/_string.h:244:40: note: expanded from macro 'memset'
  244 | #define memset(...) __memset_chk_func (__VA_ARGS__)
      |                                        ^~~~~~~~~~~
/Library/Developer/CommandLineTools/SDKs/MacOSX.sdk/usr/include/secure/_string.h:137:27: note: expanded from macro '__memset_chk_func'
  137 |                 __builtin___memset_chk (dest, __VA_ARGS__, __darwin_obsz0 (dest))
      |                                         ^~~~
code/renderervk/tr_local.h:1650:83: error: unknown type name 'color4ub_t'; did you mean 'colorGen_t'?
 1650 | void RB_AddQuadStampExt( const vec3_t origin, const vec3_t left, const vec3_t up, color4ub_t color, float s1, float t1, float s2, float t2 );
      |                                                                                   ^~~~~~~~~~
      |                                                                                   colorGen_t
code/renderervk/tr_local.h:246:3: note: 'colorGen_t' declared here
  246 | } colorGen_t;
      |   ^
code/renderervk/tr_shade.c:203:93: error: use of undeclared identifier 'color4ub_t'; did you mean 'colorGen_t'?
  203 |         Com_Memset( tess.svars.colors[0][0].rgba, tr.identityLightByte, tess.numVertexes * sizeof( color4ub_t ) );
      |                                                                                                    ^~~~~~~~~~
code/renderervk/../qcommon/q_shared.h:402:20: note: expanded from macro 'Com_Memset'
  402 | #define Com_Memset memset
      |                    ^
code/renderervk/tr_local.h:246:3: note: 'colorGen_t' declared here
  246 | } colorGen_t;
      |   ^
code/renderervk/tr_shade.c:203:37: error: member reference base type 'colorGen_t' is not a structure or union
  203 |         Com_Memset( tess.svars.colors[0][0].rgba, tr.identityLightByte, tess.numVertexes * sizeof( color4ub_t ) );
      |                     ~~~~~~~~~~~~~~~~~~~~~~~^~~~~
code/renderervk/../qcommon/q_shared.h:402:20: note: expanded from macro 'Com_Memset'
  402 | #define Com_Memset memset
      |                    ^
/Library/Developer/CommandLineTools/SDKs/MacOSX.sdk/usr/include/secure/_string.h:244:40: note: expanded from macro 'memset'
  244 | #define memset(...) __memset_chk_func (__VA_ARGS_code/renderervk/tr_local.h:1651:100: error: unknown type name 'color4ub_t'; did you mean 'colorGen_t'?
 1651 | void RB_AddQuadStamp2( float x, float y, float w, float h, flo_)
      |                                        ^~~~~~~~~~~
at s1, fl/Library/Developer/CommandLineTools/SDKs/MacOSX.sdk/usr/include/secure/_string.h:137:62: note: expanded from macro '__memset_chk_func'
  137 |                 __builtin___memset_chk (deoat t1, flost, __VA_ARGS__, __darawt isn2_,o bfslzo0a t( dte2s,t )c)o
l      o| r                                                                           ^~~~4
ub_t color );
      |                                                                                                    ^~~~~~~~~~
      |                                                                                                    colorGen_t
code/renderervk/tr_local.h:246:3: note: 'colorGen_t' declared here
  246 | } colorGen_t;
      |   ^
/Library/Developer/CommandLineTools/SDKs/MacOSX.sdk/usr/include/secure/_common.h:40:55: note: expanded from macro '__darwin_obsz0'
   40 | #define __darwin_obsz0(object) __builtin_object_size (object, 0)
      |                                                       ^~~~~~
code/renderervk/tr_shade.c:418:35: error: member reference base type 'colorGen_t' is not a structure or union
  418 |                 colors = tess.svars.colors[0][0].rgba;
      |                          ~~~~~~~~~~~~~~~~~~~~~~~^~~~~
code/renderervk/tr_shade.c:623:36: error: unknown type name 'color4ub_t'; did you mean 'colorGen_t'?
  623 | void R_ComputeColors( const int b, color4ub_t *dest, const shaderStage_t *pStage )
      |                                    ^~~~~~~~~~
      |                                    colorGen_t
code/renderervk/tr_local.h:246:3: note: 'colorGen_t' declared here
  246 | } colorGen_t;
      |   ^
code/renderervk/tr_shade.c:662:13: error: member reference base type 'colorGen_t' is not a structure or union
  662 |                                         dest[i].rgba[0] = tess.vertexColors[i].rgba[0] * tr.identityLight;
      |                                         ~~~~~~~^~~~~
code/renderervk/tr_shade.c:662:44: error: member reference base type 'colorGen_t' is not a structure or union
  662 |                                         dest[i].rgba[0] = tess.vertexColors[i].rgba[0] * tr.identityLight;
      |                                                           ~~~~~~~~~~~~~~~~~~~~^~~~~
code/renderervk/tr_shade.c:663:13: error: member reference base type 'colorGen_t' is not a structure or union
  663 |                                         dest[i].rgba[1] = tess.vertexColors[i].rgba[1] * tr.identityLight;
      |                                         ~~~~~~~^~~~~
fatal error: too many errors emitted, stopping now [-ferror-limit=]
code/renderervk/tr_local.h:1701:41: error: unknown type name 'color4ub_t'; did you mean 'colorGen_t'?
 1701 | void R_ComputeColors( const int bundle, color4ub_t *dest, const shaderStage_t *pStage );
      |                                         ^~~~~~~~~~
      |                                         colorGen_t
code/renderervk/tr_local.h:246:3: note: 'colorGen_t' declared here
  246 | } colorGen_t;
      |   ^
2 warnings and 20 errors generated.
make[2]: *** [build/release-darwin-arm64-nosteam/rendv/tr_shade.o] Error 1
In file included from code/renderervk/tr_shader.c:22:
code/renderervk/tr_local.h:95:9: warning: 'REFENTITYNUM_BITS' macro redefined [-Wmacro-redefined]
   95 | #define REFENTITYNUM_BITS       12      // as we actually using only 1 bit for dlight mask in opengl1 renderer
      |         ^
code/renderervk/../qcommon/../qcommon/../renderer/tr_types.h:35:9: note: previous definition is here
   35 | #define REFENTITYNUM_BITS       11              // can't be increased without changing drawsurf bit packing
      |         ^
In file included from code/renderervk/tr_shader.c:22:
code/renderervk/tr_local.h:96:9: warning: 'REFENTITYNUM_MASK' macro redefined [-Wmacro-redefined]
   96 | #define REFENTITYNUM_MASK       ((1<<REFENTITYNUM_BITS) - 1)
      |         ^
code/renderervk/../qcommon/../qcommon/../renderer/tr_types.h:36:9: note: previous definition is here
   36 | #define REFENTITYNUM_MASK ((uint64_t)((1ull << REFENTITYNUM_BITS) - 1))
      |         ^
code/renderervk/tr_shade_calc.c:270:2: error: unknown type name 'color4ub_t'; did you mean 'colorGen_t'?
  270 |         color4ub_t coloIn file included from code/renderervk/tr_shadows.c:22r;
      |         ^~~~~~~~~~
      |         colorGen_t
code/renderervk/tr_local.h:246:3: note: 'colorGen_t' declared here
  246 | } colorGen_t;
      |   ^
:
code/renderervk/tr_local.h:95:9: warning: 'REFENTITYNUM_BITS' macro redefined [-Wmacro-redefined]
   95 | #define REFENTITYNUM_BITS       12      // as we actually using only 1 bit for dlight mask in opengcode/renderervk/tr_shade_calc.cl:3091:7: error: member reference base type 'colorGen_t' is not a structure or union
  309 |         colo rr.eun3d2e r=e r~
0      U| ;        ^

      |         ~~~~~^~~~
code/renderervk/../qcommon/../qcommon/../renderer/tr_types.h:35:9: note: previous definition is here
   35 | #define REFENTITYNUM_BITS       11              // can't be increased without changing drawsurf bit packing
      |         ^
In file included from code/renderervk/tr_shadows.c:22:
code/renderervk/tr_local.h:96:9: warning: 'REFENTITYNUM_MASK' macro redefined [-Wmacro-redefined]
   96 | In file included from code/renderervk/tr_shader.c:22:
code/renderervk/tr_local.h:362:2: error: unknown type name 'color4ub_t'; did you mean 'colorGen_t'?
  362 |         color4ub_t              constantColor;                  // for CGEN_CONST and AGEN_CONST
      |         ^~~~~~~~~~
      |         colorGen_t
code/renderervk/tr_local.h:246:3: note: 'colorGen_t' declared here
  246 | } colorGen_t;
      |   ^
#define REFENTITYNUM_MASK       ((1<<REFENTITYNUM_BITS) - 1)
      |         ^
code/renderervk/../qcommon/../qcommon/../renderer/tr_types.h:36:9: note: previous definition is here
   36 | #define REFENTITYNUM_MASK ((uint64_t)((1ull << REFENTITYNUM_BITS) - 1))
      |         ^
code/renderervk/tr_local.h:611:2: error: unknown type name 'color4ub_t'; did you mean 'colorGen_t'?
  611 |         color4ub_t      colorInt;                               // in packed byte format
      |         ^~~~~~~~~~
      |         colorGen_t
code/renderervk/tr_local.h:246:3: note: 'colorGen_t' declared here
  246 | } colorGen_t;
      |   ^
code/renderervk/tr_shade_calc.c:608:31: error: no member named 'shader' in 'refEntity_t'
  608 |         c = backEnd.currentEntity->e.shader.u32;
      |             ~~~~~~~~~~~~~~~~~~~~~~~~ ^
In file included from code/renderervk/tr_shadows.c:22:
code/renderervk/tr_local.h:362:2: error: unknown type name 'color4ub_t'; did you mean 'colorGen_t'?
  362 |         color4ub_t              constantColor;                  // for CGEN_CONST and AGEN_CONST
      |         ^~~~~~~~~~
      |         colorGen_t
code/renderervk/tr_local.h:246:3: note: 'colorGen_t' declared here
  246 | } colorGen_t;
      |   ^
code/renderervk/tr_shade_calc.c:624:2: error: unknown type name 'color4ub_t'; did you mean 'colorGen_t'?
  624 |         color4ub_t invModulate;
      |         ^~~~~~~~~~
      |         colorGen_t
code/renderervk/tr_local.h:246:3: note: 'colorGen_t' declared here
  246 | } colorGen_t;
      |   ^
code/renderervk/tr_shade_calc.c:629:13: error: member reference base type 'colorGen_t' is not a structure or union
  629 |         invModulate.rgba[0] = 255 - backEnd.currentEntity->e.shader.rgba[0];
      |         ~~~~~~~~~~~^~~~~
code/renderervk/tr_shade_calc.c:629:55: error: no member named 'shader' in 'refEntity_t'
  629 |         invModulate.rgba[0] = 255 - backEnd.currentEntity->e.shader.rgba[0];
      |                                     ~~~~~~~~~~~~~~~~~~~~~~~~ ^
code/renderervk/tr_shade_calc.c:630:13: error: member reference base type 'colorGen_t' is not a structure or union
  630 |         invModulate.rgba[1] = code/renderervk/tr_local.h:26115:52 :- error: unknown type name 'color4ub_t'; did you mean 'colorGen_t'?
 backEnd.currentEntity->e.shader.rgba[1];
      |         ~~~~~~~~~~~^~~~~
  611 | code/renderervk/tr_shade_calc.c        :c630o:l55o:r 4error: uno member named 'shader' in 'refEntity_t'b
_t      colorInt;                               // in packed byte format
      |         ^~~~~~~~~~
      |         colorGen_t
code/renderervk/tr_local.h:246:3: note: 'colorGen_t' declared here
  246 | } colorGen_t;
      |   ^
  630 |         invModulate.rgba[1] = 255 - backEnd.currentEntity->e.shader.rgba[1];
      |                                     ~~~~~~~~~~~~~~~~~~~~~~~~ ^
fatal error: too many errors emitted, stopping now [-ferror-limit=]
2 warnings and 20 errors generated.
REF_CC code/renderervk/vk.c
code/renderervk/tr_local.h:1134:2: error: unknown type name 'color4ub_t'; did you mean 'colorGen_t'?
 1134 |         color4ub_t      color2D;
      |         ^~~~~~~~~~
      |         colorGen_t
code/renderervk/tr_local.h:246:3: note: 'colorGen_t' declared here
  246 | } colorGen_t;
      |   ^
code/renderervk/tr_local.h:1134:2: error: unknown type name 'color4ub_t'; did you mean 'colorGen_t'?
 1134 |         color4ub_t      color2D;
      |         ^~~~~~~~~~
      |         colorGen_t
code/renderervk/tr_local.h:246:3: note: 'colorGen_t' declared here
  246 | } colorGen_t;
      |   ^
make[2]: *** [build/release-darwin-arm64-nosteam/rendv/tr_shade_calc.o] Error 1
code/renderervk/tr_local.h:1187:29: error: use of undeclared identifier 'MAX_VIDEO_HANDLES'
 1187 |         image_t                                 *scratchImage[ MAX_VIDEO_HANDLES ];
      |                                                                ^~~~~~~~~~~~~~~~~
code/renderervk/tr_local.h:1187:29: error: use of undeclared identifier 'MAX_VIDEO_HANDLES'
 1187 |         image_t                                 *scratchImage[ MAX_VIDEO_HANDLES ];
      |                                                                ^~~~~~~~~~~~~~~~~
code/renderervk/tr_local.h:1578:2: error: unknown type name 'color4ub_t'; did you mean 'colorGen_t'?
 1578 |         color4ub_t      colors[NUM_TEXTURE_BUNDLES][SHADER_MAX_VERTEXES]; // we need at least 2xSHADER_MAX_VERTEXES for shadows and normals
      |         ^~~~~~~~~~
      |         colorGen_t
code/renderervk/tr_local.h:246:3: note: 'colorGen_t' declared here
  246 | } colorGen_t;
      |   ^
code/renderervk/tr_local.h:1591:2: error: unknown type name 'color4ub_t'; did you mean 'colorGen_t'?
 1591 |         color4ub_t      vertexColors[SHADER_MAX_VERTEXES] QALIGN(16);
      |         ^~~~~~~~~~
      |         colorGen_t
code/renderervk/tr_local.h:246:3: note: 'colorGen_t' declared here
  246 | } colorGen_t;
      |   ^
code/renderervk/tr_local.h:1597:2: error: unknown type name 'color4ub_t'; did you mean 'colorGen_t'?
 1597 |         ccode/renderervk/tr_local.h:1578:2olor4ub_t      constantColor255: error: unknown type name 'color4ub_t'; did you mean 'colorGen_t'?
 1578 |         color4ub_t      colors[SHADER_MAX_VERTEXES] QALIGN(16);
      |         ^~~~~~~~~~
[NUM_TEXTURE_      |         colorGen_t
code/renderervk/tr_local.h:246:3: note: 'colorGen_t' declared hereBUNDLES][SHADER_MA
  246 | } colorGen_t;
      |   ^
X_VERTEXES]; // we need at least 2xSHADER_MAX_VERTEXES for shadows and normals
      |         ^~~~~~~~~~
      |         colorGen_t
code/renderervk/tr_local.h:246:3: note: 'colorGen_t' declared here
  246 | } colorGen_t;
      |   ^
REF_CC code/renderervk/vk_flares.c
code/renderervk/tr_local.h:1649:80: error: unknown type name 'color4ub_t'; did you mean 'colorGen_t'?
 1649 | void RB_AddQuadStamp( const vec3_t origin, const vec3_t left, const vec3_t up, color4ub_t color );
      |                                                                                ^~~~~~~~~~
      |                                                                                colorGen_t
code/renderervk/tr_local.h:246:3: note: 'colorGen_t' declared here
  246 | } colorGen_t;
      |   ^
code/renderervk/tr_local.h:1650:83: error: unknown type name 'color4ub_t'; did you mean 'colorGen_t'?
 1650 | void RB_AddQuadStampExt( const vec3_t origin, const vec3_t left, const vec3_t up, color4ub_t color, float s1, float t1, float s2, float t2 );
      |                                                                                   ^~~~~~~~~~
      |                                                                                   colorGen_t
code/renderervk/tr_local.h:246:3: note: 'colorGen_t' declared here
  246 | } colorGen_t;
      |   ^
code/renderervk/tr_local.h:1591:2: error: unknown type name 'color4ub_t'; did you mean 'colorGen_t'?
 1591 |         color4ub_t      vertexColors[SHADER_MAX_VERTEXES] QALIGN(16);
      |         ^~~~~~~~~~
      |         colorGen_t
code/renderervk/tr_local.h:246:3: note: 'colorGen_t' declared here
  246 | } colorGen_t;
      |   ^
code/renderervk/tr_local.h:1651:100: error: unknown type name 'color4ub_t'; did you mean 'colorGen_t'?
 1651 | void RB_AddQuadStamp2( float x, float y, float w, float h, float s1, float t1, float s2, float t2, color4ub_t color );
      |                                                                                                    ^~~~~~~~~~
      |                                                                                                    colorGen_t
code/renderervk/tr_local.h:246:3: note: 'colorGen_t' declared here
  246 | } colorGen_t;
      |   ^
code/renderervk/tr_local.h:1701:41: error: unknown type name 'color4ub_t'; did you mean 'colorGen_t'?
 1701 | void R_ComputeColors( const int bundle, color4ub_t *dest, const shaderStage_t *pStage );
      |                                         ^~~~~~~~~~
      |                                         colorGen_t
code/renderervk/tr_local.h:246:3: note: 'colorGen_t' declared here
  246 | } colorGen_t;
      |   ^
code/renderervk/tr_local.h:1597:2: error: unknown type name 'color4ub_t'; did you mean 'colorGen_t'?
 1597 |         color4ub_t      constantColor255[SHADER_MAX_VERTEXES] QALIGN(16);
      |         ^~~~~~~~~~
      |         colorGen_t
code/renderervk/tr_local.h:246:3: note: 'colorGen_t' declared here
  246 | } colorGen_t;
      |   ^
code/renderervk/tr_local.h:1649:80: error: unknown type name 'color4ub_t'; did you mean 'colorGen_t'?
 1649 | void RB_AddQuadStamp( const vec3_t origin, const vec3_t left, const vec3_t up, color4ub_t color );
      |                                                                                ^~~~~~~~~~
      |                                                                                colorGen_t
code/renderervk/tr_local.h:246:3: note: 'colorGen_t' declared here
  246 | } colorGen_t;
      |   ^
code/renderervk/tr_local.h:1650:83: error: unknown type name 'color4ub_t'; did you mean 'colorGen_t'?
 1650 | void RB_AddQuadStampExt( const vec3_t origin, const vec3_t left, const vec3_t up, color4ub_t color, float s1, float t1, float s2, float t2 );
      |                                                                                   ^~~~~~~~~~
      |                                                                                   colorGen_t
code/renderervk/tr_local.h:246:3: note: 'colorGen_t' declared here
  246 | } colorGen_t;
      |   ^
In file included from code/renderervk/tr_sky.c:23:
code/renderervk/tr_local.h:95:9: warning: 'REFENTITYNUM_BITS' macro redefined [-Wmacro-redefined]
   95 | #define REFENTITYNUM_BITS       12      // as we actually using only 1 bit for dlight mask in opengl1 renderer
      |         ^
code/renderervk/../qcommon/../qcommon/../renderer/tr_types.h:35:9: note: previous definition is here
   35 | #define REFENTITYNUM_BITS       11              // can't be increased without changing drawsurf bit packing
      |         ^
In file included from code/renderervk/tr_sky.c:23:
code/renderervk/tr_local.h:96:9: warning: 'REFENTITYNUM_MASK' macro redefined [-Wmacro-redefined]
   96 | #define REFENTITYNUM_MASK       ((1<<REFENTITYNUM_BITS) - 1)
      |         ^
code/renderervk/../qcommon/../qcommon/../renderer/tr_types.h:36:9: note: previous definition is here
   36 | #define REFENTITYNUM_MASK ((uint64_t)((1ull << REFENTITYNUM_BITS) - 1))
      |         ^
In file included from code/renderervk/tr_world.c:22:
code/renderervk/tr_local.h:95:9: warning: 'REFENTITYNUM_BITS' macro redefined [-Wmacro-redefined]
   95 | #define REFENTITYNUM_BITS       12      // as we actually using only 1 bit for dlight mask in opengl1 renderer
      |         ^
code/renderervk/../qcommon/../qcommon/../renderer/tr_types.h:35:9: note: previous definition is here
   35 | #define REFENTITYNUM_BITS       11              // can't be increased without changing drawsurf bit packing
      |         ^
In file included from code/renderervk/tr_world.c:22:
code/renderervk/tr_local.h:96:9: warning: 'REFENTITYNUM_MASK' macro redefined [-Wmacro-redefined]
   96 | #define REFENTITYNUM_MASK       ((1<<REFENTITYNUM_BITS) - 1)
      |         ^
code/renderervk/../qcommon/../qcommon/../renderer/tr_types.h:36:9: note: previous definition is here
   36 | #define REFENTITYNUM_MASK ((uint64_t)((1ull << REFENTITYNUM_BITS) - 1))
      |         ^
In file included from code/renderervk/tr_sky.c:23:
code/renderervk/tr_local.h:362:2: error: unknown type name 'color4ub_t'; did you mean 'colorGen_t'?
  362 |         color4ub_t              constantColor;                  // for CGEN_CONST and AGEN_CONST
      |         ^~~~~~~~~~
      |         colorGen_t
code/renderervk/tr_local.h:246:3: note: 'colorGen_t' declared here
  246 | } colorGen_t;
      |   ^
In file included from code/renderervk/tr_world.c:22:
code/renderervk/tr_local.h:362:2: error: unknown type name 'color4ub_t'; did you mean 'colorGen_t'?
  362 |         color4ub_t              constantColor;                  // for CGEN_CONST and AGEN_CONST
      |         ^~~~~~~~~~
      |         colorGen_t
code/renderervk/tr_local.h:246:3: note: 'colorGen_t' declared here
  246 | } colorGen_t;
      |   ^
code/renderervk/tr_local.h:611:2: error: unknown type name 'color4ub_t'; did you mean 'colorGen_t'?
  611 |         color4ub_t      colorInt;                               // in packed byte format
      |         ^~~~~~~~~~
      |         colorGen_t
code/renderervk/tr_local.h:246:3: note: 'colorGen_t' declared here
  246 | } colorGen_t;
      |   ^
code/renderervk/tr_local.h:611:2: error: unknown type name 'color4ub_t'; did you mean 'colorGen_t'?
  611 |         color4ub_t      colorInt;                               // in packed byte format
      |         ^~~~~~~~~~
      |         colorGen_t
code/renderervk/tr_local.h:246:3: note: 'colorGen_t' declared here
  246 | } colorGen_t;
      |   ^
code/renderervk/tr_local.h:1134:2: error: unknown type name 'color4ub_t'; did you mean 'colorGen_t'?
 1134 |         color4ub_t      color2D;
      |         ^~~~~~~~~~
      |         colorGen_t
code/renderervk/tr_local.h:246:3: note: 'colorGen_t' declared here
  246 | } colorGen_t;
      |   ^
code/renderervk/tr_local.h:1134:2: error: unknown type name 'color4ub_t'; did you mean 'colorGen_t'?
 1134 |         color4ub_t      color2D;
      |         ^~~~~~~~~~
      |         colorGen_t
code/renderervk/tr_local.h:246:3: note: 'colorGen_t' declared here
  246 | } colorGen_t;
      |   ^
code/renderervk/tr_local.h:1651:100: error: unknown type name 'color4ub_t'; did you mean 'colorGen_t'?
 1651 | void RB_AddQuadStamp2( float x, float ycode/renderervk/tr_local.h:1187:29: error: use of undeclared identifier 'MAX_VIDEO_HANDLES'
 1187 |         image_t                                 *scratchImage[ MAX_V, float w,IDEO_HANDLEIn file included from code/renderervk/tr_surface.c:23:
code/renderervk/tr_local.h:95:9: warning: 'REFENTITYNUM_BITS' macro redefined [-Wmacro-redefined]
S ]   95 | #define R;EF
ENTITYNUM_BITS             |                                                                ^~~~~~~~~~~~~~~~~
12      // as we actuall float h, floaty using only 1 bit for dligh s1, float t1t mask in opengl1 renderer
      |         ^
, float s2, code/renderervk/../qcommon/../qcommon/../renderer/tr_types.hfloat t2, color4ub:_35:9:t color );
 note: previous definition is here
         | 35 | #define REFENTIT                                                                                                   ^~~~~~~~~~
      |                                                                                                    colorGen_t
YNUM_BITS       11              // can't be increased witcode/renderervk/tr_local.h:246:3: note: 'colorGen_t' declared here
  246 | } colorGen_t;
      |   ^
hout changing drawsurf bit packing
      |         ^
In file included from code/renderervk/tr_surface.c:23:
code/renderervk/tr_local.h:96:9: warning: 'REFENTITYNUM_MASK' macro redefined [-Wmacro-redefined]
   96 | #define REFENTITYNUM_MASK       ((1<<REFENTITYNUM_BITS) - 1)
      |         ^
code/renderervk/../qcommon/../qcommon/../renderer/tr_types.h:36:9: note: previous definition is here
   36 | #define REFENTITYNUM_MASK ((uint64_t)((1ull << REFENTITYNUM_BITS) - 1))
      |         ^
code/renderervk/tr_local.h:1578:2: error: unknown type name 'color4ub_t'; did you mean 'colorGen_t'?
 1578 |         color4ub_t      colors[NUM_TEXTURE_BUNDLES][SHADER_MAX_VERTEXES]; // we need at least 2xSHADER_MAX_VERTEXES for shadows and normals
      |         ^~~~~~~~~~
      |         colorGen_t
code/renderervk/tr_local.h:246:3: note: 'colorGen_t' declared here
  246 | } colorGen_t;
      |   ^
code/renderervk/tr_local.h:1187:29: error: use of undeclared identifier 'MAX_VIDEO_HANDLES'
 1187 |         image_t                                 *scratchImage[ MAX_VIDEO_HANDLES ];
      |                                                                ^~~~~~~~~~~~~~~~~
code/renderervk/tr_shader.c:84:9: error: call to undeclared function 'Com_GenerateHashValue'; ISO C99 and later do not support implicit function declarations [-Wimplicit-function-declaration]
   84 |         hash = generateHashValue(strippedName, FILE_HASH_SIZE);
      |                ^
code/renderervk/tr_shader.c:52:27: note: expanded from macro 'generateHashValue'
   52 | #define generateHashValue Com_GenerateHashValue
      |                           ^
code/renderervk/tr_shader.c:96:21: error: call to undeclared function 'Q_atof'; ISO C99 and later do not support implicit function declarations [-Wimplicit-function-declaration]
   96 |                 sh2->timeOffset = Q_atof( timeOffset );
      |                                   ^
code/renderervk/tr_shader.c:111:24: warning: passing 'const char **' to parameter of type 'char **' discards qualifiers in nested pointer types [-Wincompatible-pointer-types-discards-qualifiers]
  111 |         token = COM_ParseExt( text, qfalse );
      |                               ^~~~
code/renderervk/../qcommon/q_shared.h:844:31: note: passing argument to parameter 'data_p' here
  844 | char    *COM_ParseExt( char **data_p, qboolean allowLineBreak );
      |                               ^
code/renderervk/tr_shader.c:118:25: warning: passing 'const char **' to parameter of type 'char **' discards qualifiers in nested pointer types [-Wincompatible-pointer-types-discards-qualifiers]
  118 |                 token = COM_ParseExt( text, qfalse );
      |                                       ^~~~
code/renderervk/../qcommon/q_shared.h:844:31: note: passing argument to parameter 'data_p' here
  844 | char    *COM_ParseExt( char **data_p, qboolean allowLineBreak );
      |                               ^
code/renderervk/tr_shader.c:123:10: error: call to undeclared function 'Q_atof'; ISO C99 and later do not support implicit function declarations [-Wimplicit-function-declaration]
  123 |                 v[i] = Q_atof( tcode/renderervk/tr_local.hok:e1591n: 2):; 
error:       unknown type name 'color4ub_t'; did you mean 'colorGen_t'?| 
                       ^
 1591 |         color4ub_t      vertexColors[SHADERcode/renderervk/tr_shader.c_:M126A:X24_:V Ewarning: Rpassing 'const char **' to parameter of type 'char **' discards qualifiers in nested pointer types [-Wincompatible-pointer-types-discards-qualifiers]T
EXES  126 |         token = COM_ParseExt( text, qfalse );
      |                               ^~~~
code/renderervk/../qcommon/q_shared.h:844:31: note: passing argument to parameter 'data_p' here
  844 | c] QALIGN(16);
      |         ^~~~~~~~~~
      |         colorGen_t
har    *COM_ParseEcode/renderervk/tr_local.h:246:3: note: 'colorGen_t' declared here
  246 | } colorGen_t;
      |   ^
code/renderervk/tr_local.h:1578:2: error: unknown type name 'color4ub_t'; did you mean 'colorGen_t'?
 1578 |         color4ub_t      colors[NUM_TEXTxURE_Bcode/renderervk/tr_local.h:1701:41: error: unknown type name 'color4ub_t'; did you mean 'colorGen_t'?
t( 1701 chUar **d | NDLES][SHADER_MAX_VERata_p, qbooleaTEn allowLineBXES];reak );v
      |                               ^
 // we need at least 2xoid R_CompuSHADER_MAX_VERTEXES for scode/renderervk/tr_shader.c:300h:ado24w:s  teColors( cwarning: passing 'const char **' to parameter of type 'char **' discards qualifiers in nested pointer types [-Wincompatible-pointer-types-discards-qualifiers]a
nd no  r300m |         token = COM_ParseExt( texta,l sqfalson
In file included from       e|         ^~~~~~~~~~ 
      |         colorGen_t
code/renderervk/tr_surface.c);code/renderervk/tr_local.h:246s:t: 23int bundle, co:
3code/renderervk/tr_local.h:
362l      |                               ^~~~: :note: 2'colorGen_t' declared here:
 error: unknown type name 'color4ub_t'; did you mean 'colorGen_t'?
  246 | } colorGen_t;
      
|   ^
  362 |         coloorr44uubb__tt       *        code/renderervk/../qcommon/q_shared.h:844:31:constantC onote: passing argument to parameter 'data_p' here
lordest, c  844 | ch;                  /onsat rs h a d e*rCSOM_ParseExt/ for CGEN_CONST(  acnhda rAGEN_CO **data_p, qboolean allowLinecode/renderervk/tr_local.h:B1597:r2eak );
      |                               ^N:ST

      |         ^~~~~~~~~~
      |         colorGen_t
 error: unknown type name 'color4ub_t'; did you mean 'colorGen_t'?
 1597 |         ccode/renderervk/tr_local.h:t246age_t *pSo:l3ort4ub_t      co:a gnote: e'colorGen_t' declared here 
);
        nstantCol246o | } co| l                                        ^~~~~~~~~~orr
G2e5n5_[tS;
      |   ^
HADER_MAX_VERTEXES] QALIGN(16);
      |         ^~~~~~~~~~
      |         colorGen_t
code/renderervk/tr_local.h:246:3: note: 'colorGen_t' declared here
  246 | } colorGen_t;
      |   ^
      |                                         colorGen_tcode/renderervk/tr_shader.c:309:24: warning: passing 'const char **' to parameter of type 'char **' discards qualifiers in nested pointer types [-Wincompatible-pointer-types-discards-qualifiers]
  309 |         t
oken = COM_ParseExt( text, qfalse code/renderervk/tr_local.h:246:3: note: 'colorGen_t' declared here
);
      |   246 | } colorGe                              ^~~~
ncode/renderervk/../qcommon/q_shared.h:844:31: note: passing argument to parameter 'data_p' here
_  844 | char    *COM_ParseExt( char **data_p, qboolean allowLineBreak );
      |                               ^
t;
      |   ^
code/renderervk/tr_shader.c:315:15: error: call to undeclared function 'Q_atof'; ISO C99 and later do not support implicit function declarations [-Wimplicit-function-declaration]
  315 |         wave->base = Q_atof( token );
      |                      ^
code/renderervk/tr_local.h:1591:2: error: unknown type name 'color4ub_t'; did you mean 'colorGen_t'?
code/renderervk/tr_shader.c:317:24: warning: passing 'const char **' to parameter of type 'char **' discards qualifiers in nested pointer types [-Wincompatible-pointer-types-discards-qualifiers]
  317 1591 |         color4ub_t |         token = COM_ParseExt      vertexC( text, qfalse )olors[SHADER_MAX_V;
      | ERTEXES                              ^~~~
code/renderervk/../qcommon/q_shared.h:844:31: note: passing argument to parameter 'data_p' here] QALIGN(16);
      |         ^~~~~~~~~~
      
  844 | char    *COM|         colorGen_t
code/renderervk/tr_local.h:246:3: note: 'colorGen_t' declared here
  _ParseExt( cha246 | } colorGen_t;
      |   ^
r **data_p, qboolean allowLineBreak );
      |                               ^
code/renderervk/tr_shader.c:325:24: warning: passing 'const char **' to parameter of type 'char **' discards qualifiers in nested pointer types [-Wincompatible-pointer-types-discards-qualifiers]
  325 |         token = COM_ParseExt( text, qfalse );
      |                               ^~~~
code/renderervk/../qcommon/q_shared.h:844:31: note: passing argument to parameter 'data_p' here
  844 | char    *COM_ParseExt( char **data_p, qboolean allowLineBreak );
      |                               ^
code/renderervk/tr_shader.c:333:24: code/renderervk/tr_local.h:1649:80: error: unknown type name 'color4ub_t'; did you mean 'colorGen_t'?
 1649 | void RB_AddQuadStwarning: passing 'const char **' to parameter of type 'char **' discards qualifiers in nested pointer types [-Wincompatible-pointer-types-discards-qualifiers]
  333a | mp        ( tconst vec3_t origin, okecn = COM_Parseonst Ext( text, qfalsve );
      |                               ^~~~
ec3_tcode/renderervk/../qcommon/q_shared.h:844:31: note: passing argument to parameter 'data_p' here
 l  844 | chaeft,r const v e c 3 _t up, c*COM_ParseExt( chaolor4ub_t color )r **data_p, qboolean al;
code/renderervk/tr_shadows.cl      o| wLineBre                                                                               ^~~~~~~~~~
      |                                                                                colorGen_t
akcode/renderervk/tr_local.h );code/renderervk/tr_local.h
:246      |                               ^
:611:3:: note: 'colorGen_t' declared here:
  268:2::246 | } colorGen_t;
      |   ^
 error: unknown type name 'color4ub_t'; did you mean 'colorGen_t'?
  611 |         color4ub_t      colorInt;                               // in packed byte format
      |         ^~~~~~~~~~
      |         colorGen_t
code/renderervk/tr_local.h:246:3: note: 'colorGen_t' declared here
  246 | } colorGen_t;
       | error: unknown type name 'color4ub_t'; did you mean 'colorGen_t'?
   68 |         color4ub_t code/renderervk/tr_shader.c:362:24: warning: passing 'const char **' to parameter of type 'char **' discards qualifiers in nested pointer types [-Wincompatible-pointer-types-discards-qualifiers]*  ^

  362 |         token = COM_ParseExt( text, qfalse );
      |                               ^~~~
colorcode/renderervk/../qcommon/q_shared.h:844:31: note: passing argument to parameter 'data_p' here
  844 | char    *COM_ParseExt( char **dasta_p, qboolean allowLineBre;
      |         ^~~~~~~~~~
      |         colorGen_t
code/renderervk/tr_local.h:246:3: note: 'colorGen_t' declared here
  246 | } colorGen_t;
      |   ^
ak );
      |                               ^
code/renderervk/tr_shadows.c:126:24: error: member reference base type 'colorGen_t' is not a structure or union
  126 |                 Vector4Set( colorscode/renderervk/tr_shader.c:369:25: warning: passing 'const char **' to parameter of type 'char **' discards qualifiers in nested pointer types [-Wincompatible-pointer-types-discards-qualifiers]
[i].  r369g | b                ta, 50, 50, 5oken = COM_ParseExt( text, qfalse );
      |                                       ^~~~
code/renderervk/../qcommon/q_shared.h:844:31: note: passing argument to parameter 'data_p' here
  844 | char    *COM_Pacode/renderervk/tr_local.hr:1650s:83e:0, 255E ) ;x
t(       cerror: unknown type name 'color4ub_t'; did you mean 'colorGen_t'?
har * *1650 | void RB_AddQuadStampExt( const vdeca3_ta_p, qboolt|                              ~~~~~~~~~^~~~~o
rigin, const vec3_t left, const vec3_t up, coelora4nu ba_ltl ocwoLcode/renderervk/../qcommon/q_shared.hi:lonreBreak );
      |                               ^
, float s1, float t1, flcode/renderervk/tr_shader.c:375:20: error: ocall to undeclared function 'Q_atof'; ISO C99 and later do not support implicit function declarations [-Wimplicit-function-declaration]
at   s375 | 2        660:43: note: expanded from macro 'Vector4Set'
  660 | #de, float t2 )code/renderervk/tr_local.h;:        fi
n      e|                                                                                    ^~~~~~~~~~V
e      c| t                                                                                  colorGen_to
r4Scode/renderervk/tr_local.h:1597tmi->wav:2:246e e.error: :unknown type name 'color4ub_t'; did you mean 'colorGen_t'?3:
t( v,b note: 'colorGen_t' declared herea
s   2461597 |  | }         c ex, y =o lQo_, azc,trGoef( toonklor4en _)t;;

            u n| |   ^                                 ^

b_t      constantColo r)2 code/renderervk/tr_shader.c:376:2555[SHADER_MAX_VERTEXES] QALIGN(16);
      |         ^~~~~~~~~~
      |         colorGen_t
code/renderervk/tr_local.h:246:  warning:  passing 'const char **' to parameter of type 'char **' discards qualifiers in nested pointer types [-Wincompatible-pointer-types-discards-qualifiers]:3: 
note: 'colorGen_t' declared here
  246 | } color( ( v )[0] = ( x ),( v )[1] = ( y ),( v )[2] = ( z ),( v )[3] = ( n   376 |                 token = COGen_t;
      |   ^
M_ParseExt( tex)t, qfalse );
      |                                       ^~~~
code/renderervk/../qcommon/q_shared.h:844:31: note: passing argument to parameter 'data_p' here
  844 | char    *COM_ParseExt )
      |                                           ^
( char **data_p, qboolean allowLineBreak );
      |                               ^
code/renderervk/tr_shadows.c:126:code/renderervk/tr_shader.c:383:25: warning: passing 'const char **' to parameter of type 'char **' discards qualifiers in nested pointer types [-Wincompatible-pointer-types-discards-qualifiers]
  383 |                 token = COM_ParseExt( text, qfalse );
      |                                       ^~~~
code/renderervk/../qcommon/q_shared.h:844:31:24: error: member reference base type 'colorGen_t' is not a structure or union
 note: passing argument to parameter 'data_p' here
  844 | char    *COM_ParseExt( char **data_p, qboolean allowLineBreak );
      |                               ^
  126 |                 Veccode/renderervk/tr_shader.c:390:25: warning: passing 'const char **' to parameter of type 'char **' discards qualifiers in nested pointer types [-Wincompatible-pointer-types-discards-qualifiers]
  390 |                 token = COM_ParseExt( text, qfalse );
      |                                       ^~~~
code/renderervk/../qcommon/q_shared.h:844:31: note: passing argument to parameter 'data_p' here
  844t | char    *COM_ParseExt( chaor4Set( colors[i].rgbr **data_p, qboolcode/renderervk/tr_local.h:1651eana, 50, 50, 50, 255 );
      |                             ~~~~~~~~~^~~~~
code/renderervk/../qcommon/q_shared.h allow:L100:i error: nunknown type name 'color4ub_t'; did you mean 'colorGen_t'?e
B: 1651 | vreak 660:)60:;o
id       R|                               ^
 code/renderervk/tr_local.hnote: :expanded from macro 'Vector4Set'1649
:80:  660 | #defB_AddQuadStamp2 ine Vector4Set( v( float x, floaerror: unknown type name 'color4ub_t'; did you mean 'colorGen_t'?
t 1649 | void RB_AddQuadStam p( const ,vec3_t oriy,  fglioxa, y, z, nt ,w,  fconnslocode/renderervk/tr_shader.ca:405:t25:  vwarning: epassing 'const char **' to parameter of type 'char **' discards qualifiers in nested pointer types [-Wincompatible-pointer-types-discards-qualifiers]c
3_tt   )   405 |           (l e(h , vf        ft, tlooc )o[0nskt v] = ( xaec3_te nu =p ,C Oc olort4 M),u(b_s1, f_lP t color );oat t1, flarseExv t)[( texto,a 1qf
      |                                                                                ^~~~~~~~~~
      |                                                                                colorGen_t
alstcode/renderervk/tr_local.h :246s:2] = (e3 ,):;  note: y'colorGen_t' declared here 
),(   246v |  }  fl
oa      tc ol)|                                       ^~~~
t2, cool[or4ucode/renderervk/../qcommon/q_shared.h:b844:_t c2o] l= o( r31 r)G;e
n      _| :                                                                                                   ^~~~~~~~~~ 
note:       passing argument to parameter 'data_p' here| 
                                                                                                   colorGen_tt;
      |   ^

  844 | char    code/renderervk/tr_local.h:246z:3 :) ,*COM_ParseExt( note: 'colorGen_t' declared here
  246 | }c(har c code/renderervk/tr_local.h:1134 :2:**vd a)[t3]a_ p, error: qunknown type name 'color4ub_t'; did you mean 'colorGen_t'?b
ooo =l (e a1134 n |  )         )c
      olorlorGenn_t al4|                                                            ^;
      luob_wtL| in
eBre      ak c)o;l
o      r| 2                              ^D
;
      |         ^~~~~~~~~~
      |         colorGen_t
code/renderervk/tr_shadows.c:126code/renderervk/tr_local.h:246:3: note: 'colorGen_t' declared here  ^

  246 | } colorGen_t;
      code/renderervk/tr_shader.c::24| :  ^ 
411:19: error: call to undeclared function 'Q_atof'; ISO C99 and later do not support implicit function declarations [-Wimplicit-function-declaration]
  411error: member reference base type 'colorGen_t' is not a structure or union
 |                 tmi->scale[0] = Q_atof( token );
        | 126                                ^
 |                 code/renderervk/tr_shader.c:413:25: warning: passing 'const char **' to parameter of type 'char **' discards qualifiers in nested pointer types [-Wincompatible-pointer-types-discards-qualifiers]
  413 |                 token = COM_ParseExt( texVector4Set( colort, qfalse );
      |                                       ^~~~
scode/renderervk/../qcommon/q_shared.h:844:31: note: passing argument to parameter 'data_p' here
  844 | char    *COM_ParseExt( char **data_p, qboolean [i].rgballowLineBar,e a5k0 ,) ;5
0      ,|                                ^5
0, code/renderervk/tr_shader.c:427:25: warning: passing 'const char **' to parameter of type 'char **' discards qualifiers in nested pointer types [-Wincompatible-pointer-types-discards-qualifiers]
  427 |                 token = COM_ParseExt( text, qcode/renderervk/tr_local.hfalse 255 );
      |                             ~~~~~~~~~^~~~~
code/renderervk/../qcommon/q_shared.h:660:77:1650:83: error: unknown type name 'color4ub_t'; did you mean 'colorGen_t'?)
;
      |                                       ^~~~
code/renderervk/../qcommon/q_shared.h:844:31: note: passing argument to parameter 'data_p' here
  844 | char    *COM_ParseExt( char **dat: note:  1650 | void a_expanded from macro 'Vector4Set'
p, qboo  lean allowLiRnBe_ABddrQeuaadStampE660k |  );xt( const vec3_t origin, 
      |                               ^
const vec3_#define Vectt left, conor4Set( v, x, y, z,st vec3_t up, c n )   ( ( v )[0] = ( x ),(code/renderervk/tr_shader.c:433:20:  verror:  )call to undeclared function 'Q_atof'; ISO C99 and later do not support implicit function declarations [-Wimplicit-function-declaration][1] = ( o
lor  4433 | u                btm_i-t> yc )olor, floast s1, fcloat rotl1, fl[0] = Q_atof( tokeloat s2, float t2 );
      |                                                                                   ^~~~~~~~~~
      |                                                                                   colorGen_t
ncode/renderervk/tr_local.h:,( v )[2] =  );
      |                                  ^
246:3: note: 'colorGen_t' declared here( z ),( v )[3] 
  246 | } colorGen_t;code/renderervk/tr_shader.c:434:25
:      |  warning: passing 'const char **' to parameter of type 'char **' discards qualifiers in nested pointer types [-Wincompatible-pointer-types-discards-qualifiers]
  ^
  434 |                 token = COM_ParseExt( text= ( n ) )
      |                                                                             ^
, qfalse );
      |                                       ^~~~
code/renderervk/../qcommon/q_shared.h:844:31: note: passing argument to parameter 'data_p' here
  844 | char    *COM_ParseExt( char **data_p, qboolean allowLineBreak );
      |                               ^
code/renderervk/tr_shadows.c:126:24code/renderervk/tr_shader.c:448:25: warning: passing 'const char **' to parameter of type 'char **' discards qualifiers in nested pointer types [-Wincompatible-pointer-types-discards-qualifiers]
  448 |                 token = COM_ParseExt( text, qfalse );: error: member reference base type 'colorGen_t' is not a structure or union

      |                                       ^~~~
code/renderervk/../qcommon/q_shared.h:844:31: note: passing argument to parameter 'data_p' here
  844 | char    *COM_ParseExt( char **data_p, qboolean allowLineBreak );
      |                               ^
  126 | code/renderervk/tr_shader.c:456:25: warning: passing 'const char **' to parameter of type 'char **' discards qualifiers in nested pointer types [-Wincompatible-pointer-types-discards-qualifiers]
  456 |                 token = COM_ParseExt                Vect( text, qfalse );
      |                                       ^~~~
code/renderervk/../qcommon/q_shared.h:844:31: note: passing argument to parameter 'data_p' herecode/renderervk/tr_local.h:1651:100: error: unknown type name 'color4ub_t'; did you mean 'colorGen_t'?

 1651  844 | char    *COM_Parse | void RB_AddQuadStamp2( float x, float y, float w, float h, float s1, floaExt( char **data_p, qboolean allowLineBreak );t t1,
      |                               ^ float s
2, floatcode/renderervk/tr_local.hcode/renderervk/tr_local.h::1187:29: error: use of undeclared identifier 'MAX_VIDEO_HANDLES'
 1187 |         image_t                                 *scr1701:41: error: unknown type name 'color4ub_t'; did you mean 'colorGen_t'?
code/renderervk/tr_shader.c:462: 20t:2 ,error:  call to undeclared function 'Q_atof'; ISO C99 and later do not support implicit function declarations [-Wimplicit-function-declaration]c
olor4a  tchImu b_t462 |                 tmi->wa1701 | void R_ComputeColo rsc(olor ave.b)a;s
e       | =                                                                                                   ^~~~~~~~~~ 
Q      _| a                                                                                                   colorGen_tt
oof(r 4t ockoenns t) iSet( cog;
code/renderervk/tr_local.he:246:n3t:  bnote: u'colorGen_t' declared heren
d        246 | } col| or                                 ^
[ MAX_VIDEO_HANDGen_tlLleors, color;code/renderervk/tr_shader.cES ];
      |                                                                ^~~~~~~~~~~~~~~~~:
464:25: warning: passing 'const char **' to parameter of type 'char **' discards qualifiers in nested pointer types [-Wincompatible-pointer-types-discards-qualifiers]
  464 |                 token = CO4ub_t *dest, const
       |   ^
M_ParseExt( textshader, qStage_t *pStage );
      |                                         ^~~~~~~~~~
      |                                         colorGen_t
code/renderervk/tr_local.h:246:3: note: 'colorGen_t' declared here
  246 | } cfalse );
      |                                       ^~~~
code/renderervk/../qcommon/q_shared.h:844:31: note: passing argument to parameter 'data_p' here
  844 | char    *olorGen_t;
      |   ^
COM_ParseExt( char **data_p, qboolean allowLineBreak );
[i      |                               ^
]code/renderervk/tr_local.h:1701:41: error: unknown type name 'color4ub_t'; did you mean 'colorGen_t'?
 1701 | void R_ComputeColors( const int bundle, color4ub_t *dest, const shaderStage_t *pScode/renderervk/tr_shader.c:472:25.:r gwarning: btage );
      |                                         ^~~~~~~~~~
      passing 'const char **' to parameter of type 'char **' discards qualifiers in nested pointer types [-Wincompatible-pointer-types-discards-qualifiers]
  472 |                 token |                                         colorGen_t
=code/renderervk/tr_local.h:246:3: note: 'colorGen_t' declared here
  246 | } COM_ParseEx colorGte(n_t;
      |   ^
 text, qfcode/renderervk/tr_local.h:1578:2alse );
      |                                       ^~~~
code/renderervk/../qcommon/q_shared.h:844:31: note: passing argument to parameter 'data_p' here
  844 | char    *COM_P: error: unknown type name 'color4ub_t'; did you mean 'colorGen_t'?
 1578 |         color4ub_t      colors[NUM_arseExt( char **data_p, qboolean allowLineTEXTURE_BUNDLES][SHADBreak );
      |                               ^
ERcode/renderervk/tr_shader.c:480:25: warning: passing 'const char **' to parameter of type 'char **' discards qualifiers in nested pointer types [-Wincompatible-pointer-types-discards-qualifiers]
  _MAX_VERTEXES]; // we need at lea480st 2xSHADER_MAX_VERTEXES |  for shadows and normals
      |         ^~~~~~~~~~
      |         colorGen_t
                token = COM_ParseExt( tcode/renderervk/tr_local.he:x246t, qfalas,e  5)0;,
       5| 0                                      ^~~~
:code/renderervk/../qcommon/q_shared.h:3: note: ,'colorGen_t' declared here
844:31: note: passing argument to parameter 'data_p' here
  246 |   }844 colorGen_ | tc;h
a      r|    ^ 
 50, 255   *C);
      |                             ~~~~~~~~~^~~~~
OM_ParseExt( char **code/renderervk/../qcommon/q_shared.hd:a660t:a94_:p ,note:  qboolean allowLineBreak );
      |                               ^
code/renderervk/tr_shader.c:495:25: warning: passing 'const char **' to parameter of type 'char **' discards qualifiers in nested pointer types [-Wincompatible-pointer-types-discards-qualifiers]
  495 |                 token = COM_ParseExt(code/renderervk/tr_world.c:455:26: error: use of undeclared identifier 'CONTENTS_NODE'
  455 |  text                if ( node->con, qfalse );
      |                                       ^~~~
tents != CONTENTS_NODE )
      |                                        ^~~~~~~~~~~~~
code/renderervk/../qcommon/q_shared.h:844:31: note: passing argument to parameter 'data_p' here
  844 | char    *COM_ParseExt( char **data_p, qboolean allowLineBreak );
      |                               ^
expanded from macro 'Vector4Set'
  fatal error: 660too many errors emitted, stopping now [-ferror-limit=]
 | #define Vector4Setcode/renderervk/tr_local.h:1591:2: error: unknown type name 'color4ub_t'; did you mean 'colorGen_t'?
 1591 |         co( v, x, y, z, n )   ( lor4ub_t      vertexColors[SHADER_MAX_VE( v )[0] = ( x ),( v )[1] = ( RTEXES] QALIGNy ),( v )[2] = ( z ),(16);
      |         ^~~~~~~~~~
      |         colorGen_t
( vcode/renderervk/tr_local.h:246:3: note: 'colorGen_t' declared here
  246 | } colorGen_t;
code/renderervk/tr_sky.c:590:22: error: call to undeclared function 'myftol'; ISO C99 and later do not support implicit function declarations [-Wimplicit-function-declaration]
  590 |                 sky_mins_subd      [|   ^
0] = m )[3] =yftol( sky_mins[0][i] * HALF_SKY_SUBDIVISIONS );
      |                                    ^
 ( n ) )
      |                                                                                              ^
code/renderervk/tr_world.c:650:26: error: use of undeclared identifier 'CONTENTS_NODE'
  650 |                 if ( node->contents != CONTENTS_NODE ) {
      |                                        ^~~~~~~~~~~~~
code/renderervk/tr_shadows.c:323:38: error: member reference base type 'colorGen_t' is not a structure or union
  323 |                 Vector4Set( tess.svars.colors[0][i].rgba, 153, 153, 153, 255 );
      |                             ~~~~~~~~~~~~~~~~~~~~~~~^~~~~
code/renderervk/../qcommon/q_shared.h:660:43: note: expanded from macro 'Vector4Set'
  660 | #define Vector4Set( code/renderervk/tr_local.hv, :1597:2: error: unknown type name 'color4ub_t'; did you mean 'colorGen_t'?
 1597 |         color4ub_t      constantColor255[Sx, y, z, n )   ( ( v )[0] = ( x ),( v )[1] = HADER_MAX_VERTEXES] QALIGN(16);
      |         ^~~~~~~~~~
      |         colorGen_t
code/renderervk/tr_local.h:246:3: note: 'colorGen_t' declared here
(  246 y ),( v )[ | } colorGen_t;
      |   ^
2] = ( z ),( v )[3] = ( n ) )
      |                                           ^
code/renderervk/tr_shadows.c:323:38: error: member reference base type 'colorGen_t' is not a structure or union
  323 |                 Vector4Set( tess.svars.colors[0][i].rgcode/renderervk/tr_sky.c:774ba, 153:2: error: unknown type name 'color4ub_t'; did you mean 'colorGen_t'?
,   7741 | 5        3c,o l1o5r34,u b_t      sunColor;
      |         ^~~~~~~~~~
      |         colorGen_t
code/renderervk/tr_local.h:246:3: note: 'colorGen_t' declared here
  246 | } colorGen_t;
      |   ^
255 code/renderervk/tr_sky.c:779:10: error: member reference base type 'colorGen_t' is not a structure or union
  779 |         sun);
      |                             ~~~~~~~~~~~~~~~~~~~~~~~^~~~~Color.u32 = ~0U;

      |         ~~~~~~~~^~~~
code/renderervk/../qcommon/q_shared.h:660:60: note: expanded from macro 'Vector4Set'
  660 | #define Vector4Set( v, x, y, z, n )   ( ( v )[0] = ( x ),( v )[1] = ( y ),( 2 warnings and 14 errors generated.
v )[2] = (code/renderervk/tr_world.c:754: z ),( v )25: error: use of undeclared identifier 'CONTENTS_NODE'
[  754 |                 if (node->contents != CONTENTS_NODE ) {
      |                                       ^~~~~~~~~~~~~
3] = ( ncode/renderervk/tr_local.h:1649:80: error: unknown type name 'color4ub_t'; did you mean 'colorGen_t'?
 ) )
      |                                                            ^
 1649 | void RB_AddQuadStamp( const vec3_t origin, const vec3_t left, const vec3_t up, color4ub_t color );
      |                                                                                ^~~~~~~~~~
      |                                                                                colorGen_t
code/renderervk/tr_local.h:246:3: note: 'colorGen_t' declared here
  246 | } colorGen_t;
      |   ^
code/renderervk/tr_shadows.c:323:38: error: member reference base type 'colorGen_t' is not a structure or union
  323 |                 Vector4Set( tess.svars.colors[0][i].rgba, 153, 153, 153, 255 );
      |                             ~~~~~~~~~~~~~~~~~~~~~~~^~~~~
code/renderervk/../qcommon/q_shared.h:660:77: note: expanded from macro 'Vector4Set'
  660 | #define Vector4Set( v, x, y, z, n )   ( ( v )[02 warnings and 14 errors generated.
] = ( x ),( v )[1] = (25 warnings and 20 errors generated.
 y ),( v )[2] = ( z ),( v )[3] = ( n ) )
      |                                                                             ^
fatal error: too many errors emitted, stopping now [-ferror-limit=]
code/renderervk/tr_local.h:1650:83: error: unknown type name 'color4ub_t'; did you mean 'colorGen_t'?
 1650 | void RB_AddQuadStampExt( const vec3_t origin, const vec3_t left, const vec3_t up, color4ub_t color, float s1, float t1, float s2, float t2 );
      |                                                                                   ^~~~~~~~~~
      |                                                                                   colorGen_t
code/renderervk/tr_local.h:246:3: note: 'colorGen_t' declared here
  246 | } colorGen_t;
      |   ^
make[2]: *** [build/release-darwin-arm64-nosteam/rendv/tr_sky.o] Error 1
make[2]: *** [build/release-darwin-arm64-nosteam/rendv/tr_world.o] Error 1
make[2]: *** [build/release-darwin-arm64-nosteam/rendv/tr_shader.o] Error 1
2 warnings and 20 errors generated.
code/renderervk/tr_local.h:1651:100: error: unknown type name 'color4ub_t'; did you mean 'colorGen_t'?
 1651 | void RB_AddQuadStamp2( float x, float y, float w, float h, float s1, float t1, float s2, float t2, color4ub_t color );
      |                                                                                                    ^~~~~~~~~~
      |                                                                                                    colorGen_t
code/renderervk/tr_local.h:246:3: note: 'colorGen_t' declared here
  246 | } colorGen_t;
      |   ^
make[2]: In file included from code/renderervk/vk.c:1:
code/renderervk/tr_local.h:95:9: warning: 'REFENTITYNUM_BITS' macro redefined [-Wmacro-redefined]
   95 | *** [build/release-darwin-arm64-nosteam/rendv/tr_shadows.o] Error 1
#define REFENTITYNUM_BITS       12      // as we actually using only 1 bit for dlight mask in opengl1 renderer
      |         ^
code/renderervk/../qcommon/../qcommon/../renderer/tr_types.h:35:9: note: previous definition is here
   35 | #define REFENTITYNUM_BITS       11              // can't be increased without changing drawsurf bit packing
      |         ^
In file included from code/renderervk/vk.c:1:
code/renderervk/tr_local.h:96:9: warning: 'REFENTITYNUM_MASK' macro redefined [-Wmacro-redefined]
   96 | #define REFENTITYNUM_MASK       ((1<<REFENTITYNUM_BITS) - 1)
      |         ^
code/renderervk/../qcommon/../qcommon/../renderer/tr_types.h:36:9: note: previous definition is here
   36 | #define REFENTITYNUM_MASK ((uint64_t)((1ull << REFENTITYNUM_BITS) - 1))
      |         ^
REF_CC code/sdl/sdl_gamma.c
REF_CC code/sdl/sdl_glimp.c
code/renderervk/tr_local.h:1701:41: error: unknown type name 'color4ub_t'; did you mean 'colorGen_t'?
 1701 | void R_ComputeColors( const int bundle, color4ub_t *dest, const shaderStage_t *pStage );
      |                                         ^~~~~~~~~~
      |                                         colorGen_t
code/renderervk/tr_local.h:246:3: note: 'colorGen_t' declared here
  246 | } colorGen_t;
      |   ^
In file included from code/renderervk/vk.c:1:
code/renderervk/tr_local.h:362:2: error: unknown type name 'color4ub_t'; did you mean 'colorGen_t'?
  362 |         color4ub_t              constantColor;                  // for CGEN_CONST and AGEN_CONST
      |         ^~~~~~~~~~
      |         colorGen_t
code/renderervk/tr_local.h:246:3: note: 'colorGen_t' declared here
  246 | } colorGen_t;
      |   ^
code/renderervk/tr_surface.c:73:83: error: unknown type name 'color4ub_t'; did you mean 'colorGen_t'?
   73 | void RB_AddQuadStampExt( const vec3_t origin, const vec3_t left, const vec3_t up, color4ub_t color, float s1, float t1, float s2, float t2 ) {
      |                                                                                   ^~~~~~~~~~
      |                                                                                   colorGen_t
code/renderervk/tr_local.h:246:3: note: 'colorGen_t' declared here
  246 | } colorGen_t;
      |   ^
code/renderervk/tr_local.h:611:2: error: unknown type name 'color4ub_t'; did you mean 'colorGen_t'?
  611 |         color4ub_t      colorInt;                               // in packed byte format
      |         ^~~~~~~~~~
      |         colorGen_t
code/renderervk/tr_local.h:246:3: note: 'colorGen_t' declared here
  246 | } colorGen_t;
      |   ^
code/renderervk/tr_surface.c:146:100: error: unknown type name 'color4ub_t'; did you mean 'colorGen_t'?
  146 | void RB_AddQuadStamp2( float x, float y, float w, float h, float s1, float t1, float s2, float t2, color4ub_t color ) {
      |                                                                                                    ^~~~~~~~~~
      |                                                                                                    colorGen_t
code/renderervk/tr_local.h:246:3: note: 'colorGen_t' declared here
  246 | } colorGcode/renderervk/tr_local.h:1134:2: error: unknown type name 'color4ub_t'; did you mean 'colorGen_t'?
 en_t;
      |   ^
1134 |         color4ub_t      color2D;
      |         ^~~~~~~~~~
      |         colorGen_t
code/renderervk/tr_local.h:246:3: note: 'colorGen_t' declared here
  246 | REF_CC code/renderervk/vk_vbo.c
} colorGen_t;
      |   ^
code/renderervk/tr_surface.c:210:80: error: unknown type name 'color4ub_t'; did you mean 'colorGen_t'?
  210 | void RB_AddQuadStamp( const vec3_t origin, const vec3_t left, const vec3_t up, color4ub_t color ) {
      |                                                                                ^~~~~~~~~~
      |                                                                                colorGen_t
code/renderervk/tr_local.h:246:3: note: 'colorGen_t' declared here
  246 | } colorGen_t;
      |   ^
code/renderervk/tr_surface.c:248:87: error: no member named 'shader' in 'refEntity_t'
  248 |         RB_AddQuadStamp( backEnd.currentEntity->e.origin, left, up, backEnd.currentEntity->e.shader );
      |                                                                     ~~~~~~~~~~~~~~~~~~~~~~~~ ^
code/renderervk/tr_surface.c:277:27: error: incompatible pointer to integer conversion assigning to 'colorGen_t' from 'byte[4]' (aka 'unsigned char[4]') [-Wint-conversion]
  277 |                 tess.vertexColors[numv] = p->verts[ i ].modulate;
      |                                         ^ ~~~~~~~~~~~~~~~~~~~~~~
code/renderervk/tr_surface.c:357:48: error: member reference base type 'colorGen_t' is not a structure or union
  357 |         color = &tess.vertexColors[ tess.numVertexes ].u32;
      |                  ~~~~~~~~~~~~~~~~~~~~~~~~~~~~~~~~~~~~~^~~~
code/renderervk/tr_surface.c:385:21: error: member reference base type 'const byte[4]' (aka 'const unsigned char[4]') is not a structure or union
  385 |                 *color = dv->color.u32;
      |                          ~~~~~~~~~^~~~
code/renderervk/tr_local.h:1187:29: error: use of undeclared identifier 'MAX_VIDEO_HANDLES'
 1187 |         image_t                                 *scratchImage[ MAX_VIDEO_HANDLES ];
      |                                                                ^~~~~~~~~~~~~~~~~
code/renderervk/tr_surface.c:445:38: error: member reference base type 'colorGen_t' is not a structure or union
  445 |                 Vector4Set( tess.svars.colors[0][i].rgba, 255, 0, 0, 255 );
      |                             ~~~~~~~~~~~~~~~~~~~~~~~^~~~~
code/renderervk/../qcommon/q_shared.h:660:43: note: expanded from macro 'Vector4Set'
  660 | #define Vector4Set( v, x, y, z, n )   ( ( v )[0] = ( x ),( v )[1]REF_CC code/qcommon/q_shared.c
 = ( y ),( v )[2] = ( z ),( v )[3] = ( n ) )
      |                                           ^
fatal error: too many errors emitted, stopping now [-ferror-limit=]
code/renderervk/tr_local.h:1578:2: error: unknown type name 'color4ub_t'; did you mean 'colorGen_t'?
 1578 |         color4ub_t      colors[NUM_TEXTURE_BUNDLES][SHADER_MAX_VERTEXES]; // we need at least 2xSHADER_MAX_VERTEXES for shadows and normals
      |         ^~~~~~~~~~
      |         colorGen_t
code/renderervk/tr_local.h:246:3: note: 'colorGen_t' declared here
  246 | } colorGen_t;
      |   ^
code/renderervk/tr_local.h:1591:2: error: unknown type name 'color4ub_t'; did you mean 'colorGen_t'?
 1591 |         color4ub_t      vertexColors[SHADER_MAX_VERTEXES] QALIGN(16);
      |         ^~~~~~~~~~
      |         colorGen_t
code/renderervk/tr_local.h:246:3: note: 'colorGen_t' declared here
  246 | } colorGen_t;
      |   ^
In file included from code/renderervk/vk_flares.c:24:
code/renderervk/tr_local.h:95:9: warning: 'REFENTITYNUM_BITS' macro redefined [-Wmacro-redefined]
   95 | #define REFENTITYNUM_BITS       12      // as we actually using only 1 bit for dlight mask in opengl1 renderer
      |         ^
code/renderervk/../qcommon/../qcommon/../renderer/tr_types.h:35:9: note: previous definition is here
   35 | #define REFENTITYNUM_BITS       11              // can't be increased without changing drawsurf bit packing
      |         ^
In file included from code/renderervk/vk_flares.c:24:
code/renderervk/tr_local.h:96:9: warning: 'REFENTITYNUM_MASK' macro redefined [-Wmacro-redefined]
   96 | #define REFENTITYNUM_MASK       ((1<<REFENTITYNUM_BITS) - 1)
      |         ^
code/renderervk/../qcommon/../qcommon/../renderer/tr_types.h:36:9: note: previous definition is here
   36 | #define REFENTITYNUM_MASK ((uint64_t)((1ull << REFENTITYNUM_BITS) - 1))
      |         ^
code/renderervk/tr_local.h:1597:2: error: unknown type name 'color4ub_t'; did you mean 'colorGen_t'?
 1597 |         color4ub_t      constantColor255[SHADER_MAX_VERTEXES] QALIGN(16);
      |         ^~~~~~~~~~
      |         colorGen_t
code/renderervk/tr_local.h:246:3: note: 'colorGen_t' declared here
  246 | } colorGen_t;
      |   ^
code/renderervk/tr_local.h:1649:80: error: unknown type name 'color4ub_t'; did you mean 'colorGen_t'?
 1649 | void RB_AddQuadStamp( const vec3_t origin, const vec3_t left, const vec3_t up, color4ub_t color );
      |                                                                                ^~~~~~~~~~
      |                                                                                colorGen_t
code/renderervk/tr_local.h:246:3: note: 'colorGen_t' declared here
  246 | } colorGen_t;
      |   ^
In file included from code/renderervk/vk_flares.c:24:
code/renderervk/tr_local.h:362:2: error: unknown type name 'color4ub_t'; did you mean 'colorGen_t'?
  362 |         color4ub_t              constantColor;                  // for CGEN_CONST and AGEN_CONST
      |         ^~~~~~~~~~
      |         colorGen_t
code/renderervk/tr_local.h:246:3: note: 'colorGen_t' declared here
  246 | } colorGen_t;
      |   ^
code/renderervk/tr_local.h:1650:83: error: unknown type name 'color4ub_t'; did you mean 'colorGen_t'?
 1650 | void RB_AddQuadStampExt( const vec3_t origin, const vec3_t left, const vec3_t up, color4ub_t color, float s1, float t1, float s2, float t2 );
      |                                                                                   ^~~~~~~~~~
      |                                                                                   colorGen_t
code/renderervk/tr_local.h:246:3: note: 'colorGen_t' declared here
  246 | } colorGen_t;
      |   ^
code/renderervk/tr_local.h:611:2: error: unknown type name 'color4ub_t'; did you mean 'colorGen_t'?
  611 |         color4ub_t      colorInt;                               // in packed byte format
      |         ^~~~~~~~~~
      |         colorGen_t
code/renderervk/tr_local.h:246:3: note: 'colorGen_t' declared here
  246 | } colorGen_t;
      |   ^
2 warnings and 20 errors generated.
code/renderervk/tr_local.h:1651:100: error: unknown type name 'color4ub_t'; did you mean 'colorGen_t'?
 1651 | void RB_AddQuadStamp2( float x, float y, float w, float h, float s1, float t1, float s2, float t2, color4ub_t color );
      |                                                                                                    ^~~~~~~~~~
      |                                                                                                    colorGen_t
code/renderervk/tr_local.h:246:3: note: 'colorGen_t' declared here
  246 | } colorGen_t;
      |   ^
make[2]: *** [build/release-darwin-arm64-nosteam/rendv/tr_surface.o] Error 1
code/renderervk/tr_local.h:1134:2: error: unknown type name 'color4ub_t'; did you mean 'colorGen_t'?
 1134 |         color4ub_t      color2D;
      |         ^~~~~~~~~~
      |         colorGen_t
code/renderervk/tr_local.h:246:3: note: 'colorGen_t' declared here
  246 | } colorGen_t;
      |   ^
code/renderervk/tr_local.h:1701:41: error: unknown type name 'color4ub_t'; did you mean 'colorGen_t'?
 1701 | void R_ComputeColors( const int bundle, color4ub_t *dest, const shaderStage_t *pStage );
      |                                         ^~~~~~~~~~
      |                                         colorGen_t
code/renderervk/tr_local.h:246:3: note: 'colorGen_t' declared here
  246 | } colorGen_t;
      |   ^
code/renderervk/tr_local.h:1187:29: error: use of undeclared identifier 'MAX_VIDEO_HANDLES'
 1187 |         image_t                                 *scratchImage[ MAX_VIDEO_HANDLES ];
      |                                                                ^~~~~~~~~~~~~~~~~
REF_CC code/qcommon/puff.c
code/renderervk/tr_local.h:1578:2: error: unknown type name 'color4ub_t'; did you mean 'colorGen_t'?
 1578 |         color4ub_t      colors[NUM_TEXTURE_BUNDLES][SHADER_MAX_VERTEXES]; // we need at least 2xSHADER_MAX_VERTEXES for shadows and normals
      |         ^~~~~~~~~~
      |         colorGen_t
code/renderervk/tr_local.h:246:3: note: 'colorGen_t' declared here
  246 | } colorGen_t;
      |   ^
code/renderervk/vk.c:1698:11: error: call to undeclared function 'Q_stradd'; ISO C99 and later do not support implicit function declarations [-Wimplicit-function-declaration]
 1698 |                                 str = Q_stradd( str, " " );
code/renderervk/tr_local.h:1591:2: error:       unknown type name 'color4ub_t'; did you mean 'colorGen_t'?
 1591 |         color4ub_t      vertexColors[SHADER_MAX_VE| RT                                      ^
EXES] QALIGN(16);
      |         ^~~~~~~~~~
      |         colorGen_t
code/renderervk/tr_local.h:246:3: note: 'colorGen_t' declared here
code/renderervk/vk.c:1698:9: error: incompatible integer to pointer conversion assigning to 'char *' from 'int' [-Wint-conversion]  246 | } col
orGe 1698n_t;
      |   ^
 |                                 str = Q_stradd( str, " " );
      |                                     ^ ~~~~~~~~~~~~~~~~~~~~
code/renderervk/vk.c:1703:10: error: call to undeclared function 'Q_stradd'; ISO C99 and later do not support implicit function declarations [-Wimplicit-function-declaration]
 1703 |                         str = Q_stradd( str, ext );
      |                               ^
code/renderervk/vk.c:1703:8: error: incompatible integer to pointer conversion assigning to 'char *' from 'int' [-Wint-conversion]
 1703 |                         str = Q_stradd( str, ext );
      |                             ^ ~~~~~~~~~~~~~~~~~~~~
code/renderervk/tr_local.h:1597:2: error: unknown type name 'color4ub_t'; did you mean 'colorGen_t'?
 1597 |         color4ub_t      constantColor255[SHADER_MAX_VERTEXES] QALIGN(16);
      |         ^~~~~~~~~~
      |         colorGen_t
code/renderervk/tr_local.h:246:3: note: 'colorGen_t' declared here
  246 | } colorGen_t;
      |   ^
code/renderervk/tr_local.h:1649:80: error: unknown type name 'color4ub_t'; did you mean 'colorGen_t'?
 1649 | void RB_AddQuadStamp( const vec3_t origin, const vec3_t left, const vec3_t up, color4ub_t color );
      |                                                                                ^~~~~~~~~~
      |                                                                                colorGen_t
code/renderervk/tr_local.h:246:3: note: 'colorGen_t' declared here
  246 | } colorGen_t;
      |   ^
code/renderervk/tr_local.h:1650:83: error: unknown type name 'color4ub_t'; did you mean 'colorGen_t'?
 1650 | void RB_AddQuadStampExt( const vec3_t origin, const vec3_t left, const vec3_t up, color4ub_t color, float s1, float t1, float s2, float t2 );
      |                                                                                   ^~~~~~~~~~
      |                                                                                   colorGen_t
code/renderervk/tr_local.h:246:3: note: 'colorGen_t' declared here
  246 | } colorGen_t;
      |   ^
code/renderervk/tr_local.h:1651:100: error: unknown type name 'color4ub_t'; did you mean 'colorGen_t'?
 1651 | void RB_AddQuadStamp2( float x, float y, float w, float h, float s1, float t1, float s2, float t2, color4ub_t color );
      |                                                                                                    ^~~~~~~~~~
      |                                                                                                    colorGen_t
code/renderervk/tr_local.h:246:3: note: 'colorGen_t' declared here
  246 | } colorGen_t;
      |   ^
code/renderervk/tr_local.h:1701:41: error: unknown type name 'color4ub_t'; did you mean 'colorGen_t'?
 1701 | void R_ComputeColors( const int bundle, color4ub_t *dest, const shaderStage_t *pStage );
      |                                         ^~~~~~~~~~
      |                                         colorGen_t
code/renderervk/tr_local.h:246:3: note: 'colorGen_t' declared here
  246 | } colorGen_t;
      |   ^
code/renderervk/vk_flares.c:393:2: error: unknown type name 'color4ub_t'; did you mean 'colorGen_t'?
  393 |         color4ub_t              c;
      |         ^~~~~~~~~~
      |         colorGen_t
code/renderervk/tr_local.h:246:3: note: 'colorGen_t' declared here
  246 | } colorGen_t;
      |   ^
code/renderervk/vk_flares.c:452:3: error: member reference base type 'colorGen_t' is not a structure or union
  452 |         c.rgba[0] = color[0] * fogFactors[0];
      |         ~^~~~~
code/renderervk/vk_flares.c:453:3: error: member reference base type 'colorGen_t' is not a structure or union
  453 |         c.rgba[1] = color[1] * fogFactors[1];
      |         ~^~~~~
code/renderervk/vk_flares.c:454:3: error: member reference base type 'colorGen_t' is not a structure or union
  454 |         c.rgba[2] = color[2] * fogFactors[2];
      |         ~^~~~~
code/renderervk/vk_flares.c:455:3: error: member reference base type 'colorGen_t' is not a structure or union
  455 |         c.rgba[3] = 255;
      |         ~^~~~~
2 warnings and 16 errors generated.
make[2]: *** [build/release-darwin-arm64-nosteam/rendv/vk_flares.o] Error 1
In file included from code/renderervk/vk_vbo.c:23:
code/renderervk/tr_local.h:95:9: warning: 'REFENTITYNUM_BITS' macro redefined [-Wmacro-redefined]
   95 | #define REFENTITYNUM_BITS       12      // as we actually using only 1 bit for dlight mask in opengl1 renderer
      |         ^
code/renderervk/../qcommon/../qcommon/../renderer/tr_types.h:35:9: note: previous definition is here
   35 | #define REFENTITYNUM_BITS       11              // can't be increased without changing drawsurf bit packing
      |         ^
In file included from code/renderervk/vk_vbo.c:23:
code/renderervk/tr_local.h:96:9: warning: 'REFENTITYNUM_MASK' macro redefined [-Wmacro-redefined]
   96 | #define REFENTITYNUM_MASK       ((1<<REFENTITYNUM_BITS) - 1)
      |         ^
code/renderervk/../qcommon/../qcommon/../renderer/tr_types.h:36:9: note: previous definition is here
   36 | #define REFENTITYNUM_MASK ((uint64_t)((1ull << REFENTITYNUM_BITS) - 1))
      |         ^
REF_CC code/qcommon/q_math.c
In file included from code/renderervk/vk_vbo.c:23:
code/renderervk/tr_local.h:362:2: error: unknown type name 'color4ub_t'; did you mean 'colorGen_t'?
  362 |         color4ub_t              constantColor;                  // for CGEN_CONST and AGEN_CONST
      |         ^~~~~~~~~~
      |         colorGen_t
code/renderervk/tr_local.h:246:3: note: 'colorGen_t' declared here
  246 | } colorGen_t;
      |   ^
code/renderervk/tr_local.h:611:2: error: unknown type name 'color4ub_t'; did you mean 'colorGen_t'?
  611 |         color4ub_t      colorInt;                               // in packed byte format
      |         ^~~~~~~~~~
      |         colorGen_t
code/renderervk/tr_local.h:246:3: note: 'colorGen_t' declared here
  246 | } colorGen_t;
      |   ^
code/renderervk/tr_local.h:1134:2: error: unknown type name 'color4ub_t'; did you mean 'colorGen_t'?
 1134 |         color4ub_t      color2D;
      |         ^~~~~~~~~~
      |         colorGen_t
code/renderervk/tr_local.h:246:3: note: 'colorGen_t' declared here
  246 | } colorGen_t;
      |   ^
code/renderervk/tr_local.h:1187:29: error: use of undeclared identifier 'MAX_VIDEO_HANDLES'
 1187 |         image_t                                 *scratchImage[ MAX_VIDEO_HANDLES ];
      |                                                                ^~~~~~~~~~~~~~~~~
code/renderervk/tr_local.h:1578:2: error: unknown type name 'color4ub_t'; did you mean 'colorGen_t'?
 1578 |         color4ub_t      colors[NUM_TEXTURE_BUNDLES][SHADER_MAX_VERTEXES]; // we need at least 2xSHADER_MAX_VERTEXES for shadows and normals
      |         ^~~~~~~~~~
      |         colorGen_t
code/renderervk/tr_local.h:246:3: note: 'colorGen_t' declared here
  246 | } colorGen_t;
      |   ^
code/renderervk/tr_local.h:1591:2: error: unknown type name 'color4ub_t'; did you mean 'colorGen_t'?
 1591 |         color4ub_t      vertexColors[SHADER_MAX_VERTEXES] QALIGN(16);
      |         ^~~~~~~~~~
      |         colorGen_t
code/renderervk/tr_local.h:246:3: note: 'colorGen_t' declared here
  246 | } colorGen_t;
      |   ^
code/renderervk/tr_local.h:1597:2: error: unknown type name 'color4ub_t'; did you mean 'colorGen_t'?
 1597 |         color4ub_t      constantColor255[SHADER_MAX_VERTEXES] QALIGN(16);
      |         ^~~~~~~~~~
      |         colorGen_t
code/renderervk/tr_local.h:246:3: note: 'colorGen_t' declared here
  246 | } colorGen_t;
      |   ^
code/renderervk/tr_local.h:1649:80: error: unknown type name 'color4ub_t'; did you mean 'colorGen_t'?
 1649 | void RB_AddQuadStamp( const vec3_t origin, const vec3_t left, const vec3_t up, color4ub_t color );
      |                                                                                ^~~~~~~~~~
      |                                                                                colorGen_t
code/renderervk/tr_local.h:246:3: note: 'colorGen_t' declared here
  246 | } colorGen_t;
      |   ^
code/renderervk/tr_local.h:1650:83: error: unknown type name 'color4ub_t'; did you mean 'colorGen_t'?
 1650 | void RB_AddQuadStampExt( const vec3_t origin, const vec3_t lefREF_CC code/renderer/tr_subs.c
t, const vec3_t up, color4ub_t color, float s1, float t1, float s2, float t2 );
      |                                                                                   ^~~~~~~~~~
      |                                                                                   colorGen_t
code/renderervk/tr_local.h:246:3: note: 'colorGen_t' declared here
  246 | } colorGen_t;
      |   ^
code/renderervk/tr_local.h:1651:100: error: unknown type name 'color4ub_t'; did you mean 'colorGen_t'?
 1651 | void RB_AddQuadStamp2( float x, float y, float w, float h, float s1, float t1, float s2, float t2, color4ub_t color );
      |                                                                                                    ^~~~~~~~~~
      |                                                                                                    colorGen_t
code/renderervk/tr_local.h:246:3: note: 'colorGen_t' declared here
  246 | } colorGen_t;
      |   ^
code/renderervk/tr_local.h:1701:41: error: unknown type name 'color4ub_t'; did you mean 'colorGen_t'?
 1701 | void R_ComputeColors( const int bundle, color4ub_t *dest, const shaderStage_t *pStage );
      |                                         ^~~~~~~~~~
      |                                         colorGen_t
code/renderervk/tr_local.h:246:3: note: 'colorGen_t' declared here
  246 | } colorGen_t;
      |   ^
code/renderervk/vk_vbo.c:228:25: error: use of undeclared identifier 'color4ub_t'; did you mean 'colorGen_t'?
  228 |                         svarsSize += sizeof( color4ub_t );
      |                                              ^~~~~~~~~~
code/renderervk/tr_local.h:246:3: note: 'colorGen_t' declared here
  246 | } colorGen_t;
      |   ^
code/renderervk/vk_vbo.c:230:25: error: use of undeclared identifier 'color4ub_t'; did you mean 'colorGen_t'?
  230 |                         svarsSize += sizeof( color4ub_t );
      |                                              ^~~~~~~~~~
code/renderervk/tr_local.h:246:3: note: 'colorGen_t' declared here
  246 | } colorGen_t;
      |   ^
code/renderervk/vk_vbo.c:232:25: error: use of undeclared identifier 'color4ub_t'; did you mean 'colorGen_t'?
  232 |                         svarsSize += sizeof( color4ub_t );
      |                                              ^~~~~~~~~~
code/renderervk/tr_local.h:246:3: note: 'colorGen_t' declared here
  246 | } colorGen_t;
      |   ^
code/renderervk/vk_vbo.c:293:80: error: use of undeclared identifier 'color4ub_t'; did you mean 'colorGen_t'?
  293 |                                 pStage->rgb_offset[0] = offs; offs += input->shader->numVertexes * sizeof( color4ub_t );
      |                                                                                                            ^~~~~~~~~~
code/renderervk/tr_local.h:246:3: note: 'colorGen_t' declared here
  246 | } colorGen_t;
      |   ^
code/renderervk/vk_vbo.c:300:80: error: use of undeclared identifier 'color4ub_t'; did you mean 'colorGen_t'?
  300 |                                 pStage->rgb_offset[1] = offs; offs += input->shader->numVertexes * sizeof( color4ub_t );
      |                                                                                                            ^~~~~~~~~~
code/renderervk/tr_local.h:246:3: note: 'colorGen_t' declared here
  246 | } colorGen_t;
      |   ^
code/renderervk/vk_vbo.c:307:80: error: use of undeclared identifier 'color4ub_t'; did you mean 'colorGen_t'?
  307 |                                 pStage->rgb_offset[2] = offs; offs += input->shader->numVertexes * sizeof( color4ub_t );
      |                                                                                                            ^~~~~~~~~~
code/renderervk/tr_local.h:246:3: note: 'colorGen_t' declared here
  246 | } colorGen_t;
      |   ^
code/renderervk/vk_vbo.c:387:104: error: use of undeclared identifier 'color4ub_t'; did you mean 'colorGen_t'?
  387 |         const int offs = input->xstages[ stage ]->rgb_offset[ bundle ] + input->shader->curVertexes * sizeof( color4ub_t );
      |                                                                                                               ^~~~~~~~~~
code/renderervk/vk.c:3982:20: error: call to undeclared function 'log2pad'; ISO C99 and later do not support implicit function declarations [-Wimplicit-function-declaration]
 3982 |                 vkSampcode/renderervk/tr_local.hles = MAX( log2pad( r_ext_multisample->integer, 1 ), VK_SAMPLE_COUNT_2_BIT );
      |                                  ^
code/renderervk/vk.c:4048:67: error: call to undeclared function 'log2pad'; ISO C99 and later do not support implicit function declarations [-Wimplicit-function-declaration]
 4048 |         glConfig.maxTextureSize = MIN( props.limits.maxImageDimension2D, log2pad( maxSize, 0 ) );
      |                                                                          ^
:246:3: note: 'colorGen_t' declared here
  246 | } colorGen_t;
      |   ^
code/renderervk/vk_vbo.c:388:48: error: use of undeclared identifier 'color4ub_t'; did you mean 'colorGen_t'?
  388 |         const int size = input->numVertexes * sizeof( color4ub_t );
      |                                                       ^~~~~~~~~~
code/renderervk/tr_local.h:246:3: note: 'colorGen_t' declared here
  246 | } colorGen_t;
      |   ^
code/renderervk/vk.c:6069:26: error: use of undeclared identifier 'color4ub_t'; did you mean 'colorGen_t'?
 6069 |                         push_bind( 1, sizeof( color4ub_t ) );                           // color array
      |                                               ^~~~~~~~~~
code/renderervk/tr_local.h:246:3: note: 'colorGen_t' declared here
  246 | } colorGen_t;
      |   ^
code/renderervk/vk.c:6078:26: error: use of undeclared identifier 'color4ub_t'; did you mean 'colorGen_t'?
 6078 |                         push_bind( 1, sizeof( color4ub_t ) );                           // color array
      |                                               ^~~~~~~~~~
code/renderervk/tr_local.h:246:3: note: 'colorGen_t' declared here
  246 | } colorGen_t;
      |   ^
2 warnings and 19 errors generated.
fatal error: too many errors emitted, stopping now [-ferror-limit=]
make[2]: *** [build/release-darwin-arm64-nosteam/rendv/vk_vbo.o] Error 1
2 warnings and 20 errors generated.
CP code/libs/macosx/libSDL2-2.0.0.dylib
make[2]: *** [build/release-darwin-arm64-nosteam/rendv/vk.o] Error 1
make[2]: Target `build/release-darwin-arm64-nosteam/RealRTCW.arm64' not remade because of errors.
make[2]: Target `build/release-darwin-arm64-nosteam/renderer_sp_opengl1_arm64.dylib' not remade because of errors.
make[2]: Target `build/release-darwin-arm64-nosteam/renderer_sp_vulkan_arm64.dylib' not remade because of errors.
make[1]: *** [targets] Error 2
make: *** [release] Error 2
make: Target `default' not remade because of errors.
